onset	duration	nwb_table	train_duration	train_period	train_quantity	waveform_shape	run	pulse_duration	pulse_number	event_period	amplitude	contacts	contact_negative	contact_positive	polarity	notes
408.49327195366084	2704.0228699353825	epochs														
408.49327195366084	2.0	trials	1.0	2.0	75.0	biphasic	0.0	100.0	1.0	10.0	-5.0	5r_15b	5.0	15.0	bipolar	
410.4932679533115	2.0	trials	1.0	2.0	75.0	biphasic	0.0	100.0	1.0	10.0	-5.0	5r_15b	5.0	15.0	bipolar	
412.49327068495853	2.0	trials	1.0	2.0	75.0	biphasic	0.0	100.0	1.0	10.0	-5.0	5r_15b	5.0	15.0	bipolar	
414.49327341660563	2.0	trials	1.0	2.0	75.0	biphasic	0.0	100.0	1.0	10.0	-5.0	5r_15b	5.0	15.0	bipolar	
416.49327614825273	2.0	trials	1.0	2.0	75.0	biphasic	0.0	100.0	1.0	10.0	-5.0	5r_15b	5.0	15.0	bipolar	
418.4933060983765	2.0	trials	1.0	2.0	75.0	biphasic	0.0	100.0	1.0	10.0	-5.0	5r_15b	5.0	15.0	bipolar	
420.49325426299515	2.0	trials	1.0	2.0	75.0	biphasic	0.0	100.0	1.0	10.0	-5.0	5r_15b	5.0	15.0	bipolar	
422.49325686456365	2.0	trials	1.0	2.0	75.0	biphasic	0.0	100.0	1.0	10.0	-5.0	5r_15b	5.0	15.0	bipolar	
424.4932870748411	2.0	trials	1.0	2.0	75.0	biphasic	0.0	100.0	1.0	10.0	-5.0	5r_15b	5.0	15.0	bipolar	
426.49326206770064	2.0	trials	1.0	2.0	75.0	biphasic	0.0	100.0	1.0	10.0	-5.0	5r_15b	5.0	15.0	bipolar	
428.49325923805645	2.0	trials	1.0	2.0	75.0	biphasic	0.0	100.0	1.0	10.0	-5.0	5r_15b	5.0	15.0	bipolar	
430.49326196970355	2.0	trials	1.0	2.0	75.0	biphasic	0.0	100.0	1.0	10.0	-5.0	5r_15b	5.0	15.0	bipolar	
432.4932928303755	2.0	trials	1.0	2.0	75.0	biphasic	0.0	100.0	1.0	10.0	-5.0	5r_15b	5.0	15.0	bipolar	
434.4932956921012	2.0	trials	1.0	2.0	75.0	biphasic	0.0	100.0	1.0	10.0	-5.0	5r_15b	5.0	15.0	bipolar	
436.4932985538269	2.0	trials	1.0	2.0	75.0	biphasic	0.0	100.0	1.0	10.0	-5.0	5r_15b	5.0	15.0	bipolar	
438.4933014155526	2.0	trials	1.0	2.0	75.0	biphasic	0.0	100.0	1.0	10.0	-5.0	5r_15b	5.0	15.0	bipolar	
440.493275627939	2.0	trials	1.0	2.0	75.0	biphasic	0.0	100.0	1.0	10.0	-5.0	5r_15b	5.0	15.0	bipolar	
442.4932783595861	2.0	trials	1.0	2.0	75.0	biphasic	0.0	100.0	1.0	10.0	-5.0	5r_15b	5.0	15.0	bipolar	
444.4932477911544	2.0	trials	1.0	2.0	75.0	biphasic	0.0	100.0	1.0	10.0	-5.0	5r_15b	5.0	15.0	bipolar	
446.4932505228015	2.0	trials	1.0	2.0	75.0	biphasic	0.0	100.0	1.0	10.0	-5.0	5r_15b	5.0	15.0	bipolar	
448.4932532544486	2.0	trials	1.0	2.0	75.0	biphasic	0.0	100.0	1.0	10.0	-5.0	5r_15b	5.0	15.0	bipolar	
450.4932559860957	2.0	trials	1.0	2.0	75.0	biphasic	0.0	100.0	1.0	10.0	-5.0	5r_15b	5.0	15.0	bipolar	
452.4932881475516	2.0	trials	1.0	2.0	75.0	biphasic	0.0	100.0	1.0	10.0	-5.0	5r_15b	5.0	15.0	bipolar	
454.4932318895062	2.0	trials	1.0	2.0	75.0	biphasic	0.0	100.0	1.0	10.0	-5.0	5r_15b	5.0	15.0	bipolar	
456.4932641810369	2.0	trials	1.0	2.0	75.0	biphasic	0.0	100.0	1.0	10.0	-5.0	5r_15b	5.0	15.0	bipolar	
458.493266912684	2.0	trials	1.0	2.0	75.0	biphasic	0.0	100.0	1.0	10.0	-5.0	5r_15b	5.0	15.0	bipolar	
460.49323969421164	2.0	trials	1.0	2.0	75.0	biphasic	0.0	100.0	1.0	10.0	-5.0	5r_15b	5.0	15.0	bipolar	
462.4932390758994	2.0	trials	1.0	2.0	75.0	biphasic	0.0	100.0	1.0	10.0	-5.0	5r_15b	5.0	15.0	bipolar	
464.4932418075465	2.0	trials	1.0	2.0	75.0	biphasic	0.0	100.0	1.0	10.0	-5.0	5r_15b	5.0	15.0	bipolar	
466.4932445391936	2.0	trials	1.0	2.0	75.0	biphasic	0.0	100.0	1.0	10.0	-5.0	5r_15b	5.0	15.0	bipolar	
468.49324727084064	2.0	trials	1.0	2.0	75.0	biphasic	0.0	100.0	1.0	10.0	-5.0	5r_15b	5.0	15.0	bipolar	
470.493280603002	2.0	trials	1.0	2.0	75.0	biphasic	0.0	100.0	1.0	10.0	-5.0	5r_15b	5.0	15.0	bipolar	
472.49322200354595	2.0	trials	1.0	2.0	75.0	biphasic	0.0	100.0	1.0	10.0	-5.0	5r_15b	5.0	15.0	bipolar	
474.49322460511445	2.0	trials	1.0	2.0	75.0	biphasic	0.0	100.0	1.0	10.0	-5.0	5r_15b	5.0	15.0	bipolar	
476.493258197429	2.0	trials	1.0	2.0	75.0	biphasic	0.0	100.0	1.0	10.0	-5.0	5r_15b	5.0	15.0	bipolar	
478.4932298082514	2.0	trials	1.0	2.0	75.0	biphasic	0.0	100.0	1.0	10.0	-5.0	5r_15b	5.0	15.0	bipolar	
480.4932616115496	2.0	trials	1.0	2.0	75.0	biphasic	0.0	100.0	1.0	10.0	-5.0	5r_15b	5.0	15.0	bipolar	
482.4932644732753	2.0	trials	1.0	2.0	75.0	biphasic	0.0	100.0	1.0	10.0	-5.0	5r_15b	5.0	15.0	bipolar	
484.493267335001	2.0	trials	1.0	2.0	75.0	biphasic	0.0	100.0	1.0	10.0	-5.0	5r_15b	5.0	15.0	bipolar	
486.4932701967267	2.0	trials	1.0	2.0	75.0	biphasic	0.0	100.0	1.0	10.0	-5.0	5r_15b	5.0	15.0	bipolar	
488.49324128723276	2.0	trials	1.0	2.0	75.0	biphasic	0.0	100.0	1.0	10.0	-5.0	5r_15b	5.0	15.0	bipolar	
490.49324401887986	2.0	trials	1.0	2.0	75.0	biphasic	0.0	100.0	1.0	10.0	-5.0	5r_15b	5.0	15.0	bipolar	
492.4932467505269	2.0	trials	1.0	2.0	75.0	biphasic	0.0	100.0	1.0	10.0	-5.0	5r_15b	5.0	15.0	bipolar	
494.49328164362953	2.0	trials	1.0	2.0	75.0	biphasic	0.0	100.0	1.0	10.0	-5.0	5r_15b	5.0	15.0	bipolar	
496.4932522138211	2.0	trials	1.0	2.0	75.0	biphasic	0.0	100.0	1.0	10.0	-5.0	5r_15b	5.0	15.0	bipolar	
498.493287367081	2.0	trials	1.0	2.0	75.0	biphasic	0.0	100.0	1.0	10.0	-5.0	5r_15b	5.0	15.0	bipolar	
500.4932243770365	2.0	trials	1.0	2.0	75.0	biphasic	0.0	100.0	1.0	10.0	-5.0	5r_15b	5.0	15.0	bipolar	
502.4932271086836	2.0	trials	1.0	2.0	75.0	biphasic	0.0	100.0	1.0	10.0	-5.0	5r_15b	5.0	15.0	bipolar	
504.4932298403307	2.0	trials	1.0	2.0	75.0	biphasic	0.0	100.0	1.0	10.0	-5.0	5r_15b	5.0	15.0	bipolar	
506.49319963005695	2.0	trials	1.0	2.0	75.0	biphasic	0.0	100.0	1.0	10.0	-5.0	5r_15b	5.0	15.0	bipolar	
508.49323530362483	2.0	trials	1.0	2.0	75.0	biphasic	0.0	100.0	1.0	10.0	-5.0	5r_15b	5.0	15.0	bipolar	
510.49323803527193	2.0	trials	1.0	2.0	75.0	biphasic	0.0	100.0	1.0	10.0	-5.0	5r_15b	5.0	15.0	bipolar	
512.493240766919	2.0	trials	1.0	2.0	75.0	biphasic	0.0	100.0	1.0	10.0	-5.0	5r_15b	5.0	15.0	bipolar	
514.4932434985661	2.0	trials	1.0	2.0	75.0	biphasic	0.0	100.0	1.0	10.0	-5.0	5r_15b	5.0	15.0	bipolar	
516.4932462302132	2.0	trials	1.0	2.0	75.0	biphasic	0.0	100.0	1.0	10.0	-5.0	5r_15b	5.0	15.0	bipolar	
518.4932493841761	2.0	trials	1.0	2.0	75.0	biphasic	0.0	100.0	1.0	10.0	-5.0	5r_15b	5.0	15.0	bipolar	
520.4932183934286	2.0	trials	1.0	2.0	75.0	biphasic	0.0	100.0	1.0	10.0	-5.0	5r_15b	5.0	15.0	bipolar	
522.4932211250757	2.0	trials	1.0	2.0	75.0	biphasic	0.0	100.0	1.0	10.0	-5.0	5r_15b	5.0	15.0	bipolar	
524.4931897440968	2.0	trials	1.0	2.0	75.0	biphasic	0.0	100.0	1.0	10.0	-5.0	5r_15b	5.0	15.0	bipolar	
526.4931923456652	2.0	trials	1.0	2.0	75.0	biphasic	0.0	100.0	1.0	10.0	-5.0	5r_15b	5.0	15.0	bipolar	
528.4932636928047	2.0	trials	1.0	2.0	75.0	biphasic	0.0	100.0	1.0	10.0	-5.0	5r_15b	5.0	15.0	bipolar	
530.493232051664	2.0	trials	1.0	2.0	75.0	biphasic	0.0	100.0	1.0	10.0	-5.0	5r_15b	5.0	15.0	bipolar	
532.4932347833111	2.0	trials	1.0	2.0	75.0	biphasic	0.0	100.0	1.0	10.0	-5.0	5r_15b	5.0	15.0	bipolar	
534.4932375149582	2.0	trials	1.0	2.0	75.0	biphasic	0.0	100.0	1.0	10.0	-5.0	5r_15b	5.0	15.0	bipolar	
536.4932069465265	2.0	trials	1.0	2.0	75.0	biphasic	0.0	100.0	1.0	10.0	-5.0	5r_15b	5.0	15.0	bipolar	
538.4932096781736	2.0	trials	1.0	2.0	75.0	biphasic	0.0	100.0	1.0	10.0	-5.0	5r_15b	5.0	15.0	bipolar	
540.4932124098207	2.0	trials	1.0	2.0	75.0	biphasic	0.0	100.0	1.0	10.0	-5.0	5r_15b	5.0	15.0	bipolar	
542.4931798581365	2.0	trials	1.0	2.0	75.0	biphasic	0.0	100.0	1.0	10.0	-5.0	5r_15b	5.0	15.0	bipolar	
544.4931824597049	2.0	trials	1.0	2.0	75.0	biphasic	0.0	100.0	1.0	10.0	-5.0	5r_15b	5.0	15.0	bipolar	
546.4932561482551	2.0	trials	1.0	2.0	75.0	biphasic	0.0	100.0	1.0	10.0	-5.0	5r_15b	5.0	15.0	bipolar	
548.4932233364091	2.0	trials	1.0	2.0	75.0	biphasic	0.0	100.0	1.0	10.0	-5.0	5r_15b	5.0	15.0	bipolar	
550.4932260680562	2.0	trials	1.0	2.0	75.0	biphasic	0.0	100.0	1.0	10.0	-5.0	5r_15b	5.0	15.0	bipolar	
552.4932287997032	2.0	trials	1.0	2.0	75.0	biphasic	0.0	100.0	1.0	10.0	-5.0	5r_15b	5.0	15.0	bipolar	
554.4931621674708	2.0	trials	1.0	2.0	75.0	biphasic	0.0	100.0	1.0	10.0	-5.0	5r_15b	5.0	15.0	bipolar	
556.4932009629186	2.0	trials	1.0	2.0	75.0	biphasic	0.0	100.0	1.0	10.0	-5.0	5r_15b	5.0	15.0	bipolar	
630.4157538520454	2.0	trials	1.0	2.0	75.0	biphasic	1.0	100.0	1.0	10.0	-25.0	5r_15b	5.0	15.0	bipolar	
632.4157567137711	2.0	trials	1.0	2.0	75.0	biphasic	1.0	100.0	1.0	10.0	-25.0	5r_15b	5.0	15.0	bipolar	
634.4156850135141	2.0	trials	1.0	2.0	75.0	biphasic	1.0	100.0	1.0	10.0	-25.0	5r_15b	5.0	15.0	bipolar	
636.4156877451612	2.0	trials	1.0	2.0	75.0	biphasic	1.0	100.0	1.0	10.0	-25.0	5r_15b	5.0	15.0	bipolar	
638.4156904768083	2.0	trials	1.0	2.0	75.0	biphasic	1.0	100.0	1.0	10.0	-25.0	5r_15b	5.0	15.0	bipolar	
640.4156099041966	2.0	trials	1.0	2.0	75.0	biphasic	1.0	100.0	1.0	10.0	-25.0	5r_15b	5.0	15.0	bipolar	
642.4156123756865	2.0	trials	1.0	2.0	75.0	biphasic	1.0	100.0	1.0	10.0	-25.0	5r_15b	5.0	15.0	bipolar	
644.4156567594603	2.0	trials	1.0	2.0	75.0	biphasic	1.0	100.0	1.0	10.0	-25.0	5r_15b	5.0	15.0	bipolar	
646.4156593610288	2.0	trials	1.0	2.0	75.0	biphasic	1.0	100.0	1.0	10.0	-25.0	5r_15b	5.0	15.0	bipolar	
648.4156619625973	2.0	trials	1.0	2.0	75.0	biphasic	1.0	100.0	1.0	10.0	-25.0	5r_15b	5.0	15.0	bipolar	
650.4157491692215	2.0	trials	1.0	2.0	75.0	biphasic	1.0	100.0	1.0	10.0	-25.0	5r_15b	5.0	15.0	bipolar	
652.4156762982592	2.0	trials	1.0	2.0	75.0	biphasic	1.0	100.0	1.0	10.0	-25.0	5r_15b	5.0	15.0	bipolar	
654.4156790299063	2.0	trials	1.0	2.0	75.0	biphasic	1.0	100.0	1.0	10.0	-25.0	5r_15b	5.0	15.0	bipolar	
656.4156817615534	2.0	trials	1.0	2.0	75.0	biphasic	1.0	100.0	1.0	10.0	-25.0	5r_15b	5.0	15.0	bipolar	
658.415641670363	2.0	trials	1.0	2.0	75.0	biphasic	1.0	100.0	1.0	10.0	-25.0	5r_15b	5.0	15.0	bipolar	
660.4156442719316	2.0	trials	1.0	2.0	75.0	biphasic	1.0	100.0	1.0	10.0	-25.0	5r_15b	5.0	15.0	bipolar	
662.4156468735	2.0	trials	1.0	2.0	75.0	biphasic	1.0	100.0	1.0	10.0	-25.0	5r_15b	5.0	15.0	bipolar	
664.4156926881417	2.0	trials	1.0	2.0	75.0	biphasic	1.0	100.0	1.0	10.0	-25.0	5r_15b	5.0	15.0	bipolar	
666.4156954197888	2.0	trials	1.0	2.0	75.0	biphasic	1.0	100.0	1.0	10.0	-25.0	5r_15b	5.0	15.0	bipolar	
668.4157416246719	2.0	trials	1.0	2.0	75.0	biphasic	1.0	100.0	1.0	10.0	-25.0	5r_15b	5.0	15.0	bipolar	
670.4157111863167	2.0	trials	1.0	2.0	75.0	biphasic	1.0	100.0	1.0	10.0	-25.0	5r_15b	5.0	15.0	bipolar	
672.4157140480424	2.0	trials	1.0	2.0	75.0	biphasic	1.0	100.0	1.0	10.0	-25.0	5r_15b	5.0	15.0	bipolar	
674.4157169097681	2.0	trials	1.0	2.0	75.0	biphasic	1.0	100.0	1.0	10.0	-25.0	5r_15b	5.0	15.0	bipolar	
676.4157197714939	2.0	trials	1.0	2.0	75.0	biphasic	1.0	100.0	1.0	10.0	-25.0	5r_15b	5.0	15.0	bipolar	
678.4157226332195	2.0	trials	1.0	2.0	75.0	biphasic	1.0	100.0	1.0	10.0	-25.0	5r_15b	5.0	15.0	bipolar	
680.4157254949453	2.0	trials	1.0	2.0	75.0	biphasic	1.0	100.0	1.0	10.0	-25.0	5r_15b	5.0	15.0	bipolar	
682.4156839728868	2.0	trials	1.0	2.0	75.0	biphasic	1.0	100.0	1.0	10.0	-25.0	5r_15b	5.0	15.0	bipolar	
684.4156867045338	2.0	trials	1.0	2.0	75.0	biphasic	1.0	100.0	1.0	10.0	-25.0	5r_15b	5.0	15.0	bipolar	
686.4156894361809	2.0	trials	1.0	2.0	75.0	biphasic	1.0	100.0	1.0	10.0	-25.0	5r_15b	5.0	15.0	bipolar	
688.4156588677492	2.0	trials	1.0	2.0	75.0	biphasic	1.0	100.0	1.0	10.0	-25.0	5r_15b	5.0	15.0	bipolar	
690.4156615993962	2.0	trials	1.0	2.0	75.0	biphasic	1.0	100.0	1.0	10.0	-25.0	5r_15b	5.0	15.0	bipolar	
692.4156643310433	2.0	trials	1.0	2.0	75.0	biphasic	1.0	100.0	1.0	10.0	-25.0	5r_15b	5.0	15.0	bipolar	
694.4156670626904	2.0	trials	1.0	2.0	75.0	biphasic	1.0	100.0	1.0	10.0	-25.0	5r_15b	5.0	15.0	bipolar	
696.4156697943375	2.0	trials	1.0	2.0	75.0	biphasic	1.0	100.0	1.0	10.0	-25.0	5r_15b	5.0	15.0	bipolar	
698.4156725259846	2.0	trials	1.0	2.0	75.0	biphasic	1.0	100.0	1.0	10.0	-25.0	5r_15b	5.0	15.0	bipolar	
700.4156752576317	2.0	trials	1.0	2.0	75.0	biphasic	1.0	100.0	1.0	10.0	-25.0	5r_15b	5.0	15.0	bipolar	
702.4157236738471	2.0	trials	1.0	2.0	75.0	biphasic	1.0	100.0	1.0	10.0	-25.0	5r_15b	5.0	15.0	bipolar	
704.4156807209259	2.0	trials	1.0	2.0	75.0	biphasic	1.0	100.0	1.0	10.0	-25.0	5r_15b	5.0	15.0	bipolar	
706.4156960972175	2.0	trials	1.0	2.0	75.0	biphasic	1.0	100.0	1.0	10.0	-25.0	5r_15b	5.0	15.0	bipolar	
708.4156989589433	2.0	trials	1.0	2.0	75.0	biphasic	1.0	100.0	1.0	10.0	-25.0	5r_15b	5.0	15.0	bipolar	
710.4156094109138	2.0	trials	1.0	2.0	75.0	biphasic	1.0	100.0	1.0	10.0	-25.0	5r_15b	5.0	15.0	bipolar	
712.4156120124824	2.0	trials	1.0	2.0	75.0	biphasic	1.0	100.0	1.0	10.0	-25.0	5r_15b	5.0	15.0	bipolar	
714.4156146140508	2.0	trials	1.0	2.0	75.0	biphasic	1.0	100.0	1.0	10.0	-25.0	5r_15b	5.0	15.0	bipolar	
716.4156172156192	2.0	trials	1.0	2.0	75.0	biphasic	1.0	100.0	1.0	10.0	-25.0	5r_15b	5.0	15.0	bipolar	
718.4156198171878	2.0	trials	1.0	2.0	75.0	biphasic	1.0	100.0	1.0	10.0	-25.0	5r_15b	5.0	15.0	bipolar	
720.4156692740238	2.0	trials	1.0	2.0	75.0	biphasic	1.0	100.0	1.0	10.0	-25.0	5r_15b	5.0	15.0	bipolar	
722.4156720056709	2.0	trials	1.0	2.0	75.0	biphasic	1.0	100.0	1.0	10.0	-25.0	5r_15b	5.0	15.0	bipolar	
724.4157218527489	2.0	trials	1.0	2.0	75.0	biphasic	1.0	100.0	1.0	10.0	-25.0	5r_15b	5.0	15.0	bipolar	
726.4156914143937	2.0	trials	1.0	2.0	75.0	biphasic	1.0	100.0	1.0	10.0	-25.0	5r_15b	5.0	15.0	bipolar	
728.4156469005334	2.0	trials	1.0	2.0	75.0	biphasic	1.0	100.0	1.0	10.0	-25.0	5r_15b	5.0	15.0	bipolar	
730.4156496321805	2.0	trials	1.0	2.0	75.0	biphasic	1.0	100.0	1.0	10.0	-25.0	5r_15b	5.0	15.0	bipolar	
732.4156523638276	2.0	trials	1.0	2.0	75.0	biphasic	1.0	100.0	1.0	10.0	-25.0	5r_15b	5.0	15.0	bipolar	
734.4155595638497	2.0	trials	1.0	2.0	75.0	biphasic	1.0	100.0	1.0	10.0	-25.0	5r_15b	5.0	15.0	bipolar	
736.4155620353396	2.0	trials	1.0	2.0	75.0	biphasic	1.0	100.0	1.0	10.0	-25.0	5r_15b	5.0	15.0	bipolar	
738.4156605587688	2.0	trials	1.0	2.0	75.0	biphasic	1.0	100.0	1.0	10.0	-25.0	5r_15b	5.0	15.0	bipolar	
740.4156151343645	2.0	trials	1.0	2.0	75.0	biphasic	1.0	100.0	1.0	10.0	-25.0	5r_15b	5.0	15.0	bipolar	
742.415617735933	2.0	trials	1.0	2.0	75.0	biphasic	1.0	100.0	1.0	10.0	-25.0	5r_15b	5.0	15.0	bipolar	
744.4156838698441	2.0	trials	1.0	2.0	75.0	biphasic	1.0	100.0	1.0	10.0	-25.0	5r_15b	5.0	15.0	bipolar	
746.4155896389933	2.0	trials	1.0	2.0	75.0	biphasic	1.0	100.0	1.0	10.0	-25.0	5r_15b	5.0	15.0	bipolar	
748.4156895932955	2.0	trials	1.0	2.0	75.0	biphasic	1.0	100.0	1.0	10.0	-25.0	5r_15b	5.0	15.0	bipolar	
750.4155948421303	2.0	trials	1.0	2.0	75.0	biphasic	1.0	100.0	1.0	10.0	-25.0	5r_15b	5.0	15.0	bipolar	
752.4155974436989	2.0	trials	1.0	2.0	75.0	biphasic	1.0	100.0	1.0	10.0	-25.0	5r_15b	5.0	15.0	bipolar	
754.4156000452673	2.0	trials	1.0	2.0	75.0	biphasic	1.0	100.0	1.0	10.0	-25.0	5r_15b	5.0	15.0	bipolar	
756.4155534501641	2.0	trials	1.0	2.0	75.0	biphasic	1.0	100.0	1.0	10.0	-25.0	5r_15b	5.0	15.0	bipolar	
758.4156052484043	2.0	trials	1.0	2.0	75.0	biphasic	1.0	100.0	1.0	10.0	-25.0	5r_15b	5.0	15.0	bipolar	
760.4156078499727	2.0	trials	1.0	2.0	75.0	biphasic	1.0	100.0	1.0	10.0	-25.0	5r_15b	5.0	15.0	bipolar	
762.4156763252945	2.0	trials	1.0	2.0	75.0	biphasic	1.0	100.0	1.0	10.0	-25.0	5r_15b	5.0	15.0	bipolar	
764.4156791870201	2.0	trials	1.0	2.0	75.0	biphasic	1.0	100.0	1.0	10.0	-25.0	5r_15b	5.0	15.0	bipolar	
766.4156820487459	2.0	trials	1.0	2.0	75.0	biphasic	1.0	100.0	1.0	10.0	-25.0	5r_15b	5.0	15.0	bipolar	
768.4156849104716	2.0	trials	1.0	2.0	75.0	biphasic	1.0	100.0	1.0	10.0	-25.0	5r_15b	5.0	15.0	bipolar	
770.4156877721973	2.0	trials	1.0	2.0	75.0	biphasic	1.0	100.0	1.0	10.0	-25.0	5r_15b	5.0	15.0	bipolar	
772.415690633923	2.0	trials	1.0	2.0	75.0	biphasic	1.0	100.0	1.0	10.0	-25.0	5r_15b	5.0	15.0	bipolar	
774.4155927608755	2.0	trials	1.0	2.0	75.0	biphasic	1.0	100.0	1.0	10.0	-25.0	5r_15b	5.0	15.0	bipolar	
776.4156963573744	2.0	trials	1.0	2.0	75.0	biphasic	1.0	100.0	1.0	10.0	-25.0	5r_15b	5.0	15.0	bipolar	
778.4156992191001	2.0	trials	1.0	2.0	75.0	biphasic	1.0	100.0	1.0	10.0	-25.0	5r_15b	5.0	15.0	bipolar	
830.5924224114718	2.0	trials	1.0	2.0	75.0	biphasic	2.0	100.0	1.0	10.0	-50.0	5r_15b	5.0	15.0	bipolar	
832.5923708618885	2.0	trials	1.0	2.0	75.0	biphasic	2.0	100.0	1.0	10.0	-50.0	5r_15b	5.0	15.0	bipolar	
834.592340033304	2.0	trials	1.0	2.0	75.0	biphasic	2.0	100.0	1.0	10.0	-50.0	5r_15b	5.0	15.0	bipolar	
836.5923425047939	2.0	trials	1.0	2.0	75.0	biphasic	2.0	100.0	1.0	10.0	-50.0	5r_15b	5.0	15.0	bipolar	
838.5923995176692	2.0	trials	1.0	2.0	75.0	biphasic	2.0	100.0	1.0	10.0	-50.0	5r_15b	5.0	15.0	bipolar	
840.5924021192377	2.0	trials	1.0	2.0	75.0	biphasic	2.0	100.0	1.0	10.0	-50.0	5r_15b	5.0	15.0	bipolar	
842.5924595223559	2.0	trials	1.0	2.0	75.0	biphasic	2.0	100.0	1.0	10.0	-50.0	5r_15b	5.0	15.0	bipolar	
844.592462254003	2.0	trials	1.0	2.0	75.0	biphasic	2.0	100.0	1.0	10.0	-50.0	5r_15b	5.0	15.0	bipolar	
846.59246498565	2.0	trials	1.0	2.0	75.0	biphasic	2.0	100.0	1.0	10.0	-50.0	5r_15b	5.0	15.0	bipolar	
848.5924677172972	2.0	trials	1.0	2.0	75.0	biphasic	2.0	100.0	1.0	10.0	-50.0	5r_15b	5.0	15.0	bipolar	
850.5924151270801	2.0	trials	1.0	2.0	75.0	biphasic	2.0	100.0	1.0	10.0	-50.0	5r_15b	5.0	15.0	bipolar	
852.592384428572	2.0	trials	1.0	2.0	75.0	biphasic	2.0	100.0	1.0	10.0	-50.0	5r_15b	5.0	15.0	bipolar	
854.5922758661238	2.0	trials	1.0	2.0	75.0	biphasic	2.0	100.0	1.0	10.0	-50.0	5r_15b	5.0	15.0	bipolar	
856.5923339196185	2.0	trials	1.0	2.0	75.0	biphasic	2.0	100.0	1.0	10.0	-50.0	5r_15b	5.0	15.0	bipolar	
858.5923363911083	2.0	trials	1.0	2.0	75.0	biphasic	2.0	100.0	1.0	10.0	-50.0	5r_15b	5.0	15.0	bipolar	
860.5923388625982	2.0	trials	1.0	2.0	75.0	biphasic	2.0	100.0	1.0	10.0	-50.0	5r_15b	5.0	15.0	bipolar	
862.5923974364144	2.0	trials	1.0	2.0	75.0	biphasic	2.0	100.0	1.0	10.0	-50.0	5r_15b	5.0	15.0	bipolar	
864.5924000379829	2.0	trials	1.0	2.0	75.0	biphasic	2.0	100.0	1.0	10.0	-50.0	5r_15b	5.0	15.0	bipolar	
866.5924026395514	2.0	trials	1.0	2.0	75.0	biphasic	2.0	100.0	1.0	10.0	-50.0	5r_15b	5.0	15.0	bipolar	
868.5924052411199	2.0	trials	1.0	2.0	75.0	biphasic	2.0	100.0	1.0	10.0	-50.0	5r_15b	5.0	15.0	bipolar	
870.5924078426883	2.0	trials	1.0	2.0	75.0	biphasic	2.0	100.0	1.0	10.0	-50.0	5r_15b	5.0	15.0	bipolar	
872.5923203914632	2.0	trials	1.0	2.0	75.0	biphasic	2.0	100.0	1.0	10.0	-50.0	5r_15b	5.0	15.0	bipolar	
874.5923228629531	2.0	trials	1.0	2.0	75.0	biphasic	2.0	100.0	1.0	10.0	-50.0	5r_15b	5.0	15.0	bipolar	
876.5924393601988	2.0	trials	1.0	2.0	75.0	biphasic	2.0	100.0	1.0	10.0	-50.0	5r_15b	5.0	15.0	bipolar	
878.5923849488856	2.0	trials	1.0	2.0	75.0	biphasic	2.0	100.0	1.0	10.0	-50.0	5r_15b	5.0	15.0	bipolar	
880.592444823493	2.0	trials	1.0	2.0	75.0	biphasic	2.0	100.0	1.0	10.0	-50.0	5r_15b	5.0	15.0	bipolar	
882.5924475551401	2.0	trials	1.0	2.0	75.0	biphasic	2.0	100.0	1.0	10.0	-50.0	5r_15b	5.0	15.0	bipolar	
884.5924502867872	2.0	trials	1.0	2.0	75.0	biphasic	2.0	100.0	1.0	10.0	-50.0	5r_15b	5.0	15.0	bipolar	
886.5924530184343	2.0	trials	1.0	2.0	75.0	biphasic	2.0	100.0	1.0	10.0	-50.0	5r_15b	5.0	15.0	bipolar	
888.5924557500814	2.0	trials	1.0	2.0	75.0	biphasic	2.0	100.0	1.0	10.0	-50.0	5r_15b	5.0	15.0	bipolar	
890.5924251816497	2.0	trials	1.0	2.0	75.0	biphasic	2.0	100.0	1.0	10.0	-50.0	5r_15b	5.0	15.0	bipolar	
892.5924279132968	2.0	trials	1.0	2.0	75.0	biphasic	2.0	100.0	1.0	10.0	-50.0	5r_15b	5.0	15.0	bipolar	
894.5924888285383	2.0	trials	1.0	2.0	75.0	biphasic	2.0	100.0	1.0	10.0	-50.0	5r_15b	5.0	15.0	bipolar	
896.5923750629254	2.0	trials	1.0	2.0	75.0	biphasic	2.0	100.0	1.0	10.0	-50.0	5r_15b	5.0	15.0	bipolar	
898.5923776644939	2.0	trials	1.0	2.0	75.0	biphasic	2.0	100.0	1.0	10.0	-50.0	5r_15b	5.0	15.0	bipolar	
900.5924388398851	2.0	trials	1.0	2.0	75.0	biphasic	2.0	100.0	1.0	10.0	-50.0	5r_15b	5.0	15.0	bipolar	
902.5923828676309	2.0	trials	1.0	2.0	75.0	biphasic	2.0	100.0	1.0	10.0	-50.0	5r_15b	5.0	15.0	bipolar	
904.5923854691994	2.0	trials	1.0	2.0	75.0	biphasic	2.0	100.0	1.0	10.0	-50.0	5r_15b	5.0	15.0	bipolar	
906.5923880707678	2.0	trials	1.0	2.0	75.0	biphasic	2.0	100.0	1.0	10.0	-50.0	5r_15b	5.0	15.0	bipolar	
908.5923906723364	2.0	trials	1.0	2.0	75.0	biphasic	2.0	100.0	1.0	10.0	-50.0	5r_15b	5.0	15.0	bipolar	
910.5923599738283	2.0	trials	1.0	2.0	75.0	biphasic	2.0	100.0	1.0	10.0	-50.0	5r_15b	5.0	15.0	bipolar	
912.5923625753967	2.0	trials	1.0	2.0	75.0	biphasic	2.0	100.0	1.0	10.0	-50.0	5r_15b	5.0	15.0	bipolar	
914.5924246613359	2.0	trials	1.0	2.0	75.0	biphasic	2.0	100.0	1.0	10.0	-50.0	5r_15b	5.0	15.0	bipolar	
916.592427392983	2.0	trials	1.0	2.0	75.0	biphasic	2.0	100.0	1.0	10.0	-50.0	5r_15b	5.0	15.0	bipolar	
918.5924898691658	2.0	trials	1.0	2.0	75.0	biphasic	2.0	100.0	1.0	10.0	-50.0	5r_15b	5.0	15.0	bipolar	
920.5924328562772	2.0	trials	1.0	2.0	75.0	biphasic	2.0	100.0	1.0	10.0	-50.0	5r_15b	5.0	15.0	bipolar	
922.5924355879242	2.0	trials	1.0	2.0	75.0	biphasic	2.0	100.0	1.0	10.0	-50.0	5r_15b	5.0	15.0	bipolar	
924.5923180500517	2.0	trials	1.0	2.0	75.0	biphasic	2.0	100.0	1.0	10.0	-50.0	5r_15b	5.0	15.0	bipolar	
926.5923205215416	2.0	trials	1.0	2.0	75.0	biphasic	2.0	100.0	1.0	10.0	-50.0	5r_15b	5.0	15.0	bipolar	
928.592289692957	2.0	trials	1.0	2.0	75.0	biphasic	2.0	100.0	1.0	10.0	-50.0	5r_15b	5.0	15.0	bipolar	
930.5922921644469	2.0	trials	1.0	2.0	75.0	biphasic	2.0	100.0	1.0	10.0	-50.0	5r_15b	5.0	15.0	bipolar	
932.592355291005	2.0	trials	1.0	2.0	75.0	biphasic	2.0	100.0	1.0	10.0	-50.0	5r_15b	5.0	15.0	bipolar	
934.5923578925734	2.0	trials	1.0	2.0	75.0	biphasic	2.0	100.0	1.0	10.0	-50.0	5r_15b	5.0	15.0	bipolar	
936.5923604941419	2.0	trials	1.0	2.0	75.0	biphasic	2.0	100.0	1.0	10.0	-50.0	5r_15b	5.0	15.0	bipolar	
938.5924241410222	2.0	trials	1.0	2.0	75.0	biphasic	2.0	100.0	1.0	10.0	-50.0	5r_15b	5.0	15.0	bipolar	
940.5924268726693	2.0	trials	1.0	2.0	75.0	biphasic	2.0	100.0	1.0	10.0	-50.0	5r_15b	5.0	15.0	bipolar	
942.5923682988474	2.0	trials	1.0	2.0	75.0	biphasic	2.0	100.0	1.0	10.0	-50.0	5r_15b	5.0	15.0	bipolar	
944.5923709004159	2.0	trials	1.0	2.0	75.0	biphasic	2.0	100.0	1.0	10.0	-50.0	5r_15b	5.0	15.0	bipolar	
946.5923402019077	2.0	trials	1.0	2.0	75.0	biphasic	2.0	100.0	1.0	10.0	-50.0	5r_15b	5.0	15.0	bipolar	
948.5922811077816	2.0	trials	1.0	2.0	75.0	biphasic	2.0	100.0	1.0	10.0	-50.0	5r_15b	5.0	15.0	bipolar	
950.5922835792716	2.0	trials	1.0	2.0	75.0	biphasic	2.0	100.0	1.0	10.0	-50.0	5r_15b	5.0	15.0	bipolar	
952.5923480066132	2.0	trials	1.0	2.0	75.0	biphasic	2.0	100.0	1.0	10.0	-50.0	5r_15b	5.0	15.0	bipolar	
954.5923506081816	2.0	trials	1.0	2.0	75.0	biphasic	2.0	100.0	1.0	10.0	-50.0	5r_15b	5.0	15.0	bipolar	
956.5924154257672	2.0	trials	1.0	2.0	75.0	biphasic	2.0	100.0	1.0	10.0	-50.0	5r_15b	5.0	15.0	bipolar	
958.5924181574143	2.0	trials	1.0	2.0	75.0	biphasic	2.0	100.0	1.0	10.0	-50.0	5r_15b	5.0	15.0	bipolar	
960.5923584128872	2.0	trials	1.0	2.0	75.0	biphasic	2.0	100.0	1.0	10.0	-50.0	5r_15b	5.0	15.0	bipolar	
962.5923610144556	2.0	trials	1.0	2.0	75.0	biphasic	2.0	100.0	1.0	10.0	-50.0	5r_15b	5.0	15.0	bipolar	
964.592363616024	2.0	trials	1.0	2.0	75.0	biphasic	2.0	100.0	1.0	10.0	-50.0	5r_15b	5.0	15.0	bipolar	
966.5922700511163	2.0	trials	1.0	2.0	75.0	biphasic	2.0	100.0	1.0	10.0	-50.0	5r_15b	5.0	15.0	bipolar	
968.5922725226062	2.0	trials	1.0	2.0	75.0	biphasic	2.0	100.0	1.0	10.0	-50.0	5r_15b	5.0	15.0	bipolar	
970.592401247218	2.0	trials	1.0	2.0	75.0	biphasic	2.0	100.0	1.0	10.0	-50.0	5r_15b	5.0	15.0	bipolar	
972.5923407222215	2.0	trials	1.0	2.0	75.0	biphasic	2.0	100.0	1.0	10.0	-50.0	5r_15b	5.0	15.0	bipolar	
974.5923433237899	2.0	trials	1.0	2.0	75.0	biphasic	2.0	100.0	1.0	10.0	-50.0	5r_15b	5.0	15.0	bipolar	
976.5924094421592	2.0	trials	1.0	2.0	75.0	biphasic	2.0	100.0	1.0	10.0	-50.0	5r_15b	5.0	15.0	bipolar	
978.5924121738063	2.0	trials	1.0	2.0	75.0	biphasic	2.0	100.0	1.0	10.0	-50.0	5r_15b	5.0	15.0	bipolar	
1578.4747832877051	2.0	trials	1.0	2.0	75.0	biphasic	3.0	100.0	1.0	10.0	5.0	5r_15b	5.0	15.0	bipolar	
1580.4747860193522	2.0	trials	1.0	2.0	75.0	biphasic	3.0	100.0	1.0	10.0	5.0	5r_15b	5.0	15.0	bipolar	
1582.4747887509993	2.0	trials	1.0	2.0	75.0	biphasic	3.0	100.0	1.0	10.0	5.0	5r_15b	5.0	15.0	bipolar	
1584.4747914826464	2.0	trials	1.0	2.0	75.0	biphasic	3.0	100.0	1.0	10.0	5.0	5r_15b	5.0	15.0	bipolar	
1586.4747942142935	2.0	trials	1.0	2.0	75.0	biphasic	3.0	100.0	1.0	10.0	5.0	5r_15b	5.0	15.0	bipolar	
1588.4747969459404	2.0	trials	1.0	2.0	75.0	biphasic	3.0	100.0	1.0	10.0	5.0	5r_15b	5.0	15.0	bipolar	
1590.4747996775875	2.0	trials	1.0	2.0	75.0	biphasic	3.0	100.0	1.0	10.0	5.0	5r_15b	5.0	15.0	bipolar	
1592.4749059825547	2.0	trials	1.0	2.0	75.0	biphasic	3.0	100.0	1.0	10.0	5.0	5r_15b	5.0	15.0	bipolar	
1594.4748051408817	2.0	trials	1.0	2.0	75.0	biphasic	3.0	100.0	1.0	10.0	5.0	5r_15b	5.0	15.0	bipolar	
1596.4748078725288	2.0	trials	1.0	2.0	75.0	biphasic	3.0	100.0	1.0	10.0	5.0	5r_15b	5.0	15.0	bipolar	
1598.4747773040972	2.0	trials	1.0	2.0	75.0	biphasic	3.0	100.0	1.0	10.0	5.0	5r_15b	5.0	15.0	bipolar	
1600.4747800357443	2.0	trials	1.0	2.0	75.0	biphasic	3.0	100.0	1.0	10.0	5.0	5r_15b	5.0	15.0	bipolar	
1602.4747827673914	2.0	trials	1.0	2.0	75.0	biphasic	3.0	100.0	1.0	10.0	5.0	5r_15b	5.0	15.0	bipolar	
1604.4747854990385	2.0	trials	1.0	2.0	75.0	biphasic	3.0	100.0	1.0	10.0	5.0	5r_15b	5.0	15.0	bipolar	
1606.4748927145536	2.0	trials	1.0	2.0	75.0	biphasic	3.0	100.0	1.0	10.0	5.0	5r_15b	5.0	15.0	bipolar	
1608.4748955762793	2.0	trials	1.0	2.0	75.0	biphasic	3.0	100.0	1.0	10.0	5.0	5r_15b	5.0	15.0	bipolar	
1610.474898438005	2.0	trials	1.0	2.0	75.0	biphasic	3.0	100.0	1.0	10.0	5.0	5r_15b	5.0	15.0	bipolar	
1612.4749012997308	2.0	trials	1.0	2.0	75.0	biphasic	3.0	100.0	1.0	10.0	5.0	5r_15b	5.0	15.0	bipolar	
1614.4749041614564	2.0	trials	1.0	2.0	75.0	biphasic	3.0	100.0	1.0	10.0	5.0	5r_15b	5.0	15.0	bipolar	
1616.4746634545968	2.0	trials	1.0	2.0	75.0	biphasic	3.0	100.0	1.0	10.0	5.0	5r_15b	5.0	15.0	bipolar	
1618.474876584827	2.0	trials	1.0	2.0	75.0	biphasic	3.0	100.0	1.0	10.0	5.0	5r_15b	5.0	15.0	bipolar	
1620.4746686577337	2.0	trials	1.0	2.0	75.0	biphasic	3.0	100.0	1.0	10.0	5.0	5r_15b	5.0	15.0	bipolar	
1622.4746712593023	2.0	trials	1.0	2.0	75.0	biphasic	3.0	100.0	1.0	10.0	5.0	5r_15b	5.0	15.0	bipolar	
1624.4746738608708	2.0	trials	1.0	2.0	75.0	biphasic	3.0	100.0	1.0	10.0	5.0	5r_15b	5.0	15.0	bipolar	
1626.4746764624392	2.0	trials	1.0	2.0	75.0	biphasic	3.0	100.0	1.0	10.0	5.0	5r_15b	5.0	15.0	bipolar	
1628.4747849787248	2.0	trials	1.0	2.0	75.0	biphasic	3.0	100.0	1.0	10.0	5.0	5r_15b	5.0	15.0	bipolar	
1630.4747877103719	2.0	trials	1.0	2.0	75.0	biphasic	3.0	100.0	1.0	10.0	5.0	5r_15b	5.0	15.0	bipolar	
1632.474790442019	2.0	trials	1.0	2.0	75.0	biphasic	3.0	100.0	1.0	10.0	5.0	5r_15b	5.0	15.0	bipolar	
1634.474793173666	2.0	trials	1.0	2.0	75.0	biphasic	3.0	100.0	1.0	10.0	5.0	5r_15b	5.0	15.0	bipolar	
1636.4747626052342	2.0	trials	1.0	2.0	75.0	biphasic	3.0	100.0	1.0	10.0	5.0	5r_15b	5.0	15.0	bipolar	
1638.4746587717734	2.0	trials	1.0	2.0	75.0	biphasic	3.0	100.0	1.0	10.0	5.0	5r_15b	5.0	15.0	bipolar	
1640.4747680685284	2.0	trials	1.0	2.0	75.0	biphasic	3.0	100.0	1.0	10.0	5.0	5r_15b	5.0	15.0	bipolar	
1642.4746639749105	2.0	trials	1.0	2.0	75.0	biphasic	3.0	100.0	1.0	10.0	5.0	5r_15b	5.0	15.0	bipolar	
1644.4747735318226	2.0	trials	1.0	2.0	75.0	biphasic	3.0	100.0	1.0	10.0	5.0	5r_15b	5.0	15.0	bipolar	
1646.4747762634697	2.0	trials	1.0	2.0	75.0	biphasic	3.0	100.0	1.0	10.0	5.0	5r_15b	5.0	15.0	bipolar	
1648.4747789951168	2.0	trials	1.0	2.0	75.0	biphasic	3.0	100.0	1.0	10.0	5.0	5r_15b	5.0	15.0	bipolar	
1650.474781726764	2.0	trials	1.0	2.0	75.0	biphasic	3.0	100.0	1.0	10.0	5.0	5r_15b	5.0	15.0	bipolar	
1652.474784458411	2.0	trials	1.0	2.0	75.0	biphasic	3.0	100.0	1.0	10.0	5.0	5r_15b	5.0	15.0	bipolar	
1654.4747871900581	2.0	trials	1.0	2.0	75.0	biphasic	3.0	100.0	1.0	10.0	5.0	5r_15b	5.0	15.0	bipolar	
1656.4747899217052	2.0	trials	1.0	2.0	75.0	biphasic	3.0	100.0	1.0	10.0	5.0	5r_15b	5.0	15.0	bipolar	
1658.4747593532734	2.0	trials	1.0	2.0	75.0	biphasic	3.0	100.0	1.0	10.0	5.0	5r_15b	5.0	15.0	bipolar	
1660.4747620849205	2.0	trials	1.0	2.0	75.0	biphasic	3.0	100.0	1.0	10.0	5.0	5r_15b	5.0	15.0	bipolar	
1662.4747648165676	2.0	trials	1.0	2.0	75.0	biphasic	3.0	100.0	1.0	10.0	5.0	5r_15b	5.0	15.0	bipolar	
1664.4746592920872	2.0	trials	1.0	2.0	75.0	biphasic	3.0	100.0	1.0	10.0	5.0	5r_15b	5.0	15.0	bipolar	
1666.474878666082	2.0	trials	1.0	2.0	75.0	biphasic	3.0	100.0	1.0	10.0	5.0	5r_15b	5.0	15.0	bipolar	
1668.474773011509	2.0	trials	1.0	2.0	75.0	biphasic	3.0	100.0	1.0	10.0	5.0	5r_15b	5.0	15.0	bipolar	
1670.474775743156	2.0	trials	1.0	2.0	75.0	biphasic	3.0	100.0	1.0	10.0	5.0	5r_15b	5.0	15.0	bipolar	
1672.474778474803	2.0	trials	1.0	2.0	75.0	biphasic	3.0	100.0	1.0	10.0	5.0	5r_15b	5.0	15.0	bipolar	
1674.4747812064502	2.0	trials	1.0	2.0	75.0	biphasic	3.0	100.0	1.0	10.0	5.0	5r_15b	5.0	15.0	bipolar	
1676.4747839380973	2.0	trials	1.0	2.0	75.0	biphasic	3.0	100.0	1.0	10.0	5.0	5r_15b	5.0	15.0	bipolar	
1678.4747533696655	2.0	trials	1.0	2.0	75.0	biphasic	3.0	100.0	1.0	10.0	5.0	5r_15b	5.0	15.0	bipolar	
1680.4747561013126	2.0	trials	1.0	2.0	75.0	biphasic	3.0	100.0	1.0	10.0	5.0	5r_15b	5.0	15.0	bipolar	
1682.4748682598067	2.0	trials	1.0	2.0	75.0	biphasic	3.0	100.0	1.0	10.0	5.0	5r_15b	5.0	15.0	bipolar	
1684.4748711215325	2.0	trials	1.0	2.0	75.0	biphasic	3.0	100.0	1.0	10.0	5.0	5r_15b	5.0	15.0	bipolar	
1686.474654609264	2.0	trials	1.0	2.0	75.0	biphasic	3.0	100.0	1.0	10.0	5.0	5r_15b	5.0	15.0	bipolar	
1688.4748768449838	2.0	trials	1.0	2.0	75.0	biphasic	3.0	100.0	1.0	10.0	5.0	5r_15b	5.0	15.0	bipolar	
1690.474659812401	2.0	trials	1.0	2.0	75.0	biphasic	3.0	100.0	1.0	10.0	5.0	5r_15b	5.0	15.0	bipolar	
1692.4746624139693	2.0	trials	1.0	2.0	75.0	biphasic	3.0	100.0	1.0	10.0	5.0	5r_15b	5.0	15.0	bipolar	
1694.4746650155378	2.0	trials	1.0	2.0	75.0	biphasic	3.0	100.0	1.0	10.0	5.0	5r_15b	5.0	15.0	bipolar	
1696.4746676171064	2.0	trials	1.0	2.0	75.0	biphasic	3.0	100.0	1.0	10.0	5.0	5r_15b	5.0	15.0	bipolar	
1698.4746369185982	2.0	trials	1.0	2.0	75.0	biphasic	3.0	100.0	1.0	10.0	5.0	5r_15b	5.0	15.0	bipolar	
1700.4746395201666	2.0	trials	1.0	2.0	75.0	biphasic	3.0	100.0	1.0	10.0	5.0	5r_15b	5.0	15.0	bipolar	
1702.474642121735	2.0	trials	1.0	2.0	75.0	biphasic	3.0	100.0	1.0	10.0	5.0	5r_15b	5.0	15.0	bipolar	
1704.4747555809988	2.0	trials	1.0	2.0	75.0	biphasic	3.0	100.0	1.0	10.0	5.0	5r_15b	5.0	15.0	bipolar	
1706.474758312646	2.0	trials	1.0	2.0	75.0	biphasic	3.0	100.0	1.0	10.0	5.0	5r_15b	5.0	15.0	bipolar	
1708.4746499264406	2.0	trials	1.0	2.0	75.0	biphasic	3.0	100.0	1.0	10.0	5.0	5r_15b	5.0	15.0	bipolar	
1710.4747637759401	2.0	trials	1.0	2.0	75.0	biphasic	3.0	100.0	1.0	10.0	5.0	5r_15b	5.0	15.0	bipolar	
1712.4746551295775	2.0	trials	1.0	2.0	75.0	biphasic	3.0	100.0	1.0	10.0	5.0	5r_15b	5.0	15.0	bipolar	
1714.4746577311462	2.0	trials	1.0	2.0	75.0	biphasic	3.0	100.0	1.0	10.0	5.0	5r_15b	5.0	15.0	bipolar	
1716.4746603327146	2.0	trials	1.0	2.0	75.0	biphasic	3.0	100.0	1.0	10.0	5.0	5r_15b	5.0	15.0	bipolar	
1718.4746296342064	2.0	trials	1.0	2.0	75.0	biphasic	3.0	100.0	1.0	10.0	5.0	5r_15b	5.0	15.0	bipolar	
1720.474744134097	2.0	trials	1.0	2.0	75.0	biphasic	3.0	100.0	1.0	10.0	5.0	5r_15b	5.0	15.0	bipolar	
1722.474746865744	2.0	trials	1.0	2.0	75.0	biphasic	3.0	100.0	1.0	10.0	5.0	5r_15b	5.0	15.0	bipolar	
1724.4747495973909	2.0	trials	1.0	2.0	75.0	biphasic	3.0	100.0	1.0	10.0	5.0	5r_15b	5.0	15.0	bipolar	
1726.474752329038	2.0	trials	1.0	2.0	75.0	biphasic	3.0	100.0	1.0	10.0	5.0	5r_15b	5.0	15.0	bipolar	
2014.3858681750041	2.0	trials	1.0	2.0	75.0	biphasic	4.0	100.0	1.0	10.0	25.0	5r_15b	5.0	15.0	bipolar	
2016.3860020508166	2.0	trials	1.0	2.0	75.0	biphasic	4.0	100.0	1.0	10.0	25.0	5r_15b	5.0	15.0	bipolar	
2018.3858403382196	2.0	trials	1.0	2.0	75.0	biphasic	4.0	100.0	1.0	10.0	25.0	5r_15b	5.0	15.0	bipolar	
2020.3858430698667	2.0	trials	1.0	2.0	75.0	biphasic	4.0	100.0	1.0	10.0	25.0	5r_15b	5.0	15.0	bipolar	
2022.3858458015136	2.0	trials	1.0	2.0	75.0	biphasic	4.0	100.0	1.0	10.0	25.0	5r_15b	5.0	15.0	bipolar	
2024.3858485331607	2.0	trials	1.0	2.0	75.0	biphasic	4.0	100.0	1.0	10.0	25.0	5r_15b	5.0	15.0	bipolar	
2026.3858512648078	2.0	trials	1.0	2.0	75.0	biphasic	4.0	100.0	1.0	10.0	25.0	5r_15b	5.0	15.0	bipolar	
2028.385853996455	2.0	trials	1.0	2.0	75.0	biphasic	4.0	100.0	1.0	10.0	25.0	5r_15b	5.0	15.0	bipolar	
2030.385856728102	2.0	trials	1.0	2.0	75.0	biphasic	4.0	100.0	1.0	10.0	25.0	5r_15b	5.0	15.0	bipolar	
2032.385859459749	2.0	trials	1.0	2.0	75.0	biphasic	4.0	100.0	1.0	10.0	25.0	5r_15b	5.0	15.0	bipolar	
2034.3858621913962	2.0	trials	1.0	2.0	75.0	biphasic	4.0	100.0	1.0	10.0	25.0	5r_15b	5.0	15.0	bipolar	
2036.385732478111	2.0	trials	1.0	2.0	75.0	biphasic	4.0	100.0	1.0	10.0	25.0	5r_15b	5.0	15.0	bipolar	
2038.3858676546904	2.0	trials	1.0	2.0	75.0	biphasic	4.0	100.0	1.0	10.0	25.0	5r_15b	5.0	15.0	bipolar	
2040.3857043811713	2.0	trials	1.0	2.0	75.0	biphasic	4.0	100.0	1.0	10.0	25.0	5r_15b	5.0	15.0	bipolar	
2042.38570698274	2.0	trials	1.0	2.0	75.0	biphasic	4.0	100.0	1.0	10.0	25.0	5r_15b	5.0	15.0	bipolar	
2044.385842549553	2.0	trials	1.0	2.0	75.0	biphasic	4.0	100.0	1.0	10.0	25.0	5r_15b	5.0	15.0	bipolar	
2046.3858452812	2.0	trials	1.0	2.0	75.0	biphasic	4.0	100.0	1.0	10.0	25.0	5r_15b	5.0	15.0	bipolar	
2048.385981238266	2.0	trials	1.0	2.0	75.0	biphasic	4.0	100.0	1.0	10.0	25.0	5r_15b	5.0	15.0	bipolar	
2050.3859840999917	2.0	trials	1.0	2.0	75.0	biphasic	4.0	100.0	1.0	10.0	25.0	5r_15b	5.0	15.0	bipolar	
2052.3859869617177	2.0	trials	1.0	2.0	75.0	biphasic	4.0	100.0	1.0	10.0	25.0	5r_15b	5.0	15.0	bipolar	
2054.385989823443	2.0	trials	1.0	2.0	75.0	biphasic	4.0	100.0	1.0	10.0	25.0	5r_15b	5.0	15.0	bipolar	
2056.3859926851687	2.0	trials	1.0	2.0	75.0	biphasic	4.0	100.0	1.0	10.0	25.0	5r_15b	5.0	15.0	bipolar	
2058.3859955468947	2.0	trials	1.0	2.0	75.0	biphasic	4.0	100.0	1.0	10.0	25.0	5r_15b	5.0	15.0	bipolar	
2060.3859651085395	2.0	trials	1.0	2.0	75.0	biphasic	4.0	100.0	1.0	10.0	25.0	5r_15b	5.0	15.0	bipolar	
2062.385833834298	2.0	trials	1.0	2.0	75.0	biphasic	4.0	100.0	1.0	10.0	25.0	5r_15b	5.0	15.0	bipolar	
2064.385970831991	2.0	trials	1.0	2.0	75.0	biphasic	4.0	100.0	1.0	10.0	25.0	5r_15b	5.0	15.0	bipolar	
2066.385839297592	2.0	trials	1.0	2.0	75.0	biphasic	4.0	100.0	1.0	10.0	25.0	5r_15b	5.0	15.0	bipolar	
2068.385842029239	2.0	trials	1.0	2.0	75.0	biphasic	4.0	100.0	1.0	10.0	25.0	5r_15b	5.0	15.0	bipolar	
2070.3858447608864	2.0	trials	1.0	2.0	75.0	biphasic	4.0	100.0	1.0	10.0	25.0	5r_15b	5.0	15.0	bipolar	
2072.3858474925332	2.0	trials	1.0	2.0	75.0	biphasic	4.0	100.0	1.0	10.0	25.0	5r_15b	5.0	15.0	bipolar	
2074.3858502241806	2.0	trials	1.0	2.0	75.0	biphasic	4.0	100.0	1.0	10.0	25.0	5r_15b	5.0	15.0	bipolar	
2076.3858529558274	2.0	trials	1.0	2.0	75.0	biphasic	4.0	100.0	1.0	10.0	25.0	5r_15b	5.0	15.0	bipolar	
2078.3858556874748	2.0	trials	1.0	2.0	75.0	biphasic	4.0	100.0	1.0	10.0	25.0	5r_15b	5.0	15.0	bipolar	
2080.3858584191216	2.0	trials	1.0	2.0	75.0	biphasic	4.0	100.0	1.0	10.0	25.0	5r_15b	5.0	15.0	bipolar	
2082.3859632874414	2.0	trials	1.0	2.0	75.0	biphasic	4.0	100.0	1.0	10.0	25.0	5r_15b	5.0	15.0	bipolar	
2084.385830582337	2.0	trials	1.0	2.0	75.0	biphasic	4.0	100.0	1.0	10.0	25.0	5r_15b	5.0	15.0	bipolar	
2086.3859690108925	2.0	trials	1.0	2.0	75.0	biphasic	4.0	100.0	1.0	10.0	25.0	5r_15b	5.0	15.0	bipolar	
2088.385836045631	2.0	trials	1.0	2.0	75.0	biphasic	4.0	100.0	1.0	10.0	25.0	5r_15b	5.0	15.0	bipolar	
2090.3858387772784	2.0	trials	1.0	2.0	75.0	biphasic	4.0	100.0	1.0	10.0	25.0	5r_15b	5.0	15.0	bipolar	
2092.3858415089253	2.0	trials	1.0	2.0	75.0	biphasic	4.0	100.0	1.0	10.0	25.0	5r_15b	5.0	15.0	bipolar	
2094.3858442405726	2.0	trials	1.0	2.0	75.0	biphasic	4.0	100.0	1.0	10.0	25.0	5r_15b	5.0	15.0	bipolar	
2096.3858469722195	2.0	trials	1.0	2.0	75.0	biphasic	4.0	100.0	1.0	10.0	25.0	5r_15b	5.0	15.0	bipolar	
2098.385849703867	2.0	trials	1.0	2.0	75.0	biphasic	4.0	100.0	1.0	10.0	25.0	5r_15b	5.0	15.0	bipolar	
2100.3858524355137	2.0	trials	1.0	2.0	75.0	biphasic	4.0	100.0	1.0	10.0	25.0	5r_15b	5.0	15.0	bipolar	
2102.385821867082	2.0	trials	1.0	2.0	75.0	biphasic	4.0	100.0	1.0	10.0	25.0	5r_15b	5.0	15.0	bipolar	
2104.385824598729	2.0	trials	1.0	2.0	75.0	biphasic	4.0	100.0	1.0	10.0	25.0	5r_15b	5.0	15.0	bipolar	
2106.3858273303763	2.0	trials	1.0	2.0	75.0	biphasic	4.0	100.0	1.0	10.0	25.0	5r_15b	5.0	15.0	bipolar	
2108.385830062023	2.0	trials	1.0	2.0	75.0	biphasic	4.0	100.0	1.0	10.0	25.0	5r_15b	5.0	15.0	bipolar	
2110.3856955358387	2.0	trials	1.0	2.0	75.0	biphasic	4.0	100.0	1.0	10.0	25.0	5r_15b	5.0	15.0	bipolar	
2112.3858355253174	2.0	trials	1.0	2.0	75.0	biphasic	4.0	100.0	1.0	10.0	25.0	5r_15b	5.0	15.0	bipolar	
2114.3857007389756	2.0	trials	1.0	2.0	75.0	biphasic	4.0	100.0	1.0	10.0	25.0	5r_15b	5.0	15.0	bipolar	
2116.385703340544	2.0	trials	1.0	2.0	75.0	biphasic	4.0	100.0	1.0	10.0	25.0	5r_15b	5.0	15.0	bipolar	
2118.3857059421125	2.0	trials	1.0	2.0	75.0	biphasic	4.0	100.0	1.0	10.0	25.0	5r_15b	5.0	15.0	bipolar	
2120.3859843601485	2.0	trials	1.0	2.0	75.0	biphasic	4.0	100.0	1.0	10.0	25.0	5r_15b	5.0	15.0	bipolar	
2122.3859539217933	2.0	trials	1.0	2.0	75.0	biphasic	4.0	100.0	1.0	10.0	25.0	5r_15b	5.0	15.0	bipolar	
2124.3859567835193	2.0	trials	1.0	2.0	75.0	biphasic	4.0	100.0	1.0	10.0	25.0	5r_15b	5.0	15.0	bipolar	
2126.385959645245	2.0	trials	1.0	2.0	75.0	biphasic	4.0	100.0	1.0	10.0	25.0	5r_15b	5.0	15.0	bipolar	
2128.3859625069704	2.0	trials	1.0	2.0	75.0	biphasic	4.0	100.0	1.0	10.0	25.0	5r_15b	5.0	15.0	bipolar	
2130.3859653686964	2.0	trials	1.0	2.0	75.0	biphasic	4.0	100.0	1.0	10.0	25.0	5r_15b	5.0	15.0	bipolar	
2132.3858295417094	2.0	trials	1.0	2.0	75.0	biphasic	4.0	100.0	1.0	10.0	25.0	5r_15b	5.0	15.0	bipolar	
2134.385971092148	2.0	trials	1.0	2.0	75.0	biphasic	4.0	100.0	1.0	10.0	25.0	5r_15b	5.0	15.0	bipolar	
2136.3858350050036	2.0	trials	1.0	2.0	75.0	biphasic	4.0	100.0	1.0	10.0	25.0	5r_15b	5.0	15.0	bipolar	
2138.385837736651	2.0	trials	1.0	2.0	75.0	biphasic	4.0	100.0	1.0	10.0	25.0	5r_15b	5.0	15.0	bipolar	
2140.385840468298	2.0	trials	1.0	2.0	75.0	biphasic	4.0	100.0	1.0	10.0	25.0	5r_15b	5.0	15.0	bipolar	
2142.385843199945	2.0	trials	1.0	2.0	75.0	biphasic	4.0	100.0	1.0	10.0	25.0	5r_15b	5.0	15.0	bipolar	
2144.3858126315135	2.0	trials	1.0	2.0	75.0	biphasic	4.0	100.0	1.0	10.0	25.0	5r_15b	5.0	15.0	bipolar	
2146.3858153631604	2.0	trials	1.0	2.0	75.0	biphasic	4.0	100.0	1.0	10.0	25.0	5r_15b	5.0	15.0	bipolar	
2148.3858180948077	2.0	trials	1.0	2.0	75.0	biphasic	4.0	100.0	1.0	10.0	25.0	5r_15b	5.0	15.0	bipolar	
2150.3858208264546	2.0	trials	1.0	2.0	75.0	biphasic	4.0	100.0	1.0	10.0	25.0	5r_15b	5.0	15.0	bipolar	
2152.3858235581015	2.0	trials	1.0	2.0	75.0	biphasic	4.0	100.0	1.0	10.0	25.0	5r_15b	5.0	15.0	bipolar	
2154.385686170192	2.0	trials	1.0	2.0	75.0	biphasic	4.0	100.0	1.0	10.0	25.0	5r_15b	5.0	15.0	bipolar	
2156.3858290213957	2.0	trials	1.0	2.0	75.0	biphasic	4.0	100.0	1.0	10.0	25.0	5r_15b	5.0	15.0	bipolar	
2158.385831753043	2.0	trials	1.0	2.0	75.0	biphasic	4.0	100.0	1.0	10.0	25.0	5r_15b	5.0	15.0	bipolar	
2160.38583448469	2.0	trials	1.0	2.0	75.0	biphasic	4.0	100.0	1.0	10.0	25.0	5r_15b	5.0	15.0	bipolar	
2162.385837216337	2.0	trials	1.0	2.0	75.0	biphasic	4.0	100.0	1.0	10.0	25.0	5r_15b	5.0	15.0	bipolar	
2714.6918297340844	2.0	trials	1.0	2.0	75.0	biphasic	5.0	100.0	1.0	10.0	50.0	5r_15b	5.0	15.0	bipolar	
2716.6918325958104	2.0	trials	1.0	2.0	75.0	biphasic	5.0	100.0	1.0	10.0	50.0	5r_15b	5.0	15.0	bipolar	
2718.6916586359494	2.0	trials	1.0	2.0	75.0	biphasic	5.0	100.0	1.0	10.0	50.0	5r_15b	5.0	15.0	bipolar	
2720.6916613675967	2.0	trials	1.0	2.0	75.0	biphasic	5.0	100.0	1.0	10.0	50.0	5r_15b	5.0	15.0	bipolar	
2722.6916640992436	2.0	trials	1.0	2.0	75.0	biphasic	5.0	100.0	1.0	10.0	50.0	5r_15b	5.0	15.0	bipolar	
2724.691666830891	2.0	trials	1.0	2.0	75.0	biphasic	5.0	100.0	1.0	10.0	50.0	5r_15b	5.0	15.0	bipolar	
2726.6916695625378	2.0	trials	1.0	2.0	75.0	biphasic	5.0	100.0	1.0	10.0	50.0	5r_15b	5.0	15.0	bipolar	
2728.691672294185	2.0	trials	1.0	2.0	75.0	biphasic	5.0	100.0	1.0	10.0	50.0	5r_15b	5.0	15.0	bipolar	
2730.691675025832	2.0	trials	1.0	2.0	75.0	biphasic	5.0	100.0	1.0	10.0	50.0	5r_15b	5.0	15.0	bipolar	
2732.692033221776	2.0	trials	1.0	2.0	75.0	biphasic	5.0	100.0	1.0	10.0	50.0	5r_15b	5.0	15.0	bipolar	
2734.691825051261	2.0	trials	1.0	2.0	75.0	biphasic	5.0	100.0	1.0	10.0	50.0	5r_15b	5.0	15.0	bipolar	
2736.6916499206945	2.0	trials	1.0	2.0	75.0	biphasic	5.0	100.0	1.0	10.0	50.0	5r_15b	5.0	15.0	bipolar	
2738.691830774712	2.0	trials	1.0	2.0	75.0	biphasic	5.0	100.0	1.0	10.0	50.0	5r_15b	5.0	15.0	bipolar	
2740.69201188891	2.0	trials	1.0	2.0	75.0	biphasic	5.0	100.0	1.0	10.0	50.0	5r_15b	5.0	15.0	bipolar	
2742.6918364981634	2.0	trials	1.0	2.0	75.0	biphasic	5.0	100.0	1.0	10.0	50.0	5r_15b	5.0	15.0	bipolar	
2744.691660847283	2.0	trials	1.0	2.0	75.0	biphasic	5.0	100.0	1.0	10.0	50.0	5r_15b	5.0	15.0	bipolar	
2746.691842221615	2.0	trials	1.0	2.0	75.0	biphasic	5.0	100.0	1.0	10.0	50.0	5r_15b	5.0	15.0	bipolar	
2748.691666310577	2.0	trials	1.0	2.0	75.0	biphasic	5.0	100.0	1.0	10.0	50.0	5r_15b	5.0	15.0	bipolar	
2750.6918479450665	2.0	trials	1.0	2.0	75.0	biphasic	5.0	100.0	1.0	10.0	50.0	5r_15b	5.0	15.0	bipolar	
2752.6916717738713	2.0	trials	1.0	2.0	75.0	biphasic	5.0	100.0	1.0	10.0	50.0	5r_15b	5.0	15.0	bipolar	
2754.6918536685175	2.0	trials	1.0	2.0	75.0	biphasic	5.0	100.0	1.0	10.0	50.0	5r_15b	5.0	15.0	bipolar	
2756.6916439370866	2.0	trials	1.0	2.0	75.0	biphasic	5.0	100.0	1.0	10.0	50.0	5r_15b	5.0	15.0	bipolar	
2758.6918260918883	2.0	trials	1.0	2.0	75.0	biphasic	5.0	100.0	1.0	10.0	50.0	5r_15b	5.0	15.0	bipolar	
2760.691649400381	2.0	trials	1.0	2.0	75.0	biphasic	5.0	100.0	1.0	10.0	50.0	5r_15b	5.0	15.0	bipolar	
2762.691472448739	2.0	trials	1.0	2.0	75.0	biphasic	5.0	100.0	1.0	10.0	50.0	5r_15b	5.0	15.0	bipolar	
2764.691654863675	2.0	trials	1.0	2.0	75.0	biphasic	5.0	100.0	1.0	10.0	50.0	5r_15b	5.0	15.0	bipolar	
2766.6914776518765	2.0	trials	1.0	2.0	75.0	biphasic	5.0	100.0	1.0	10.0	50.0	5r_15b	5.0	15.0	bipolar	
2768.691660326969	2.0	trials	1.0	2.0	75.0	biphasic	5.0	100.0	1.0	10.0	50.0	5r_15b	5.0	15.0	bipolar	
2770.6914828550134	2.0	trials	1.0	2.0	75.0	biphasic	5.0	100.0	1.0	10.0	50.0	5r_15b	5.0	15.0	bipolar	
2772.6916657902634	2.0	trials	1.0	2.0	75.0	biphasic	5.0	100.0	1.0	10.0	50.0	5r_15b	5.0	15.0	bipolar	
2774.691848985694	2.0	trials	1.0	2.0	75.0	biphasic	5.0	100.0	1.0	10.0	50.0	5r_15b	5.0	15.0	bipolar	
2776.6918518474195	2.0	trials	1.0	2.0	75.0	biphasic	5.0	100.0	1.0	10.0	50.0	5r_15b	5.0	15.0	bipolar	
2778.6918214090642	2.0	trials	1.0	2.0	75.0	biphasic	5.0	100.0	1.0	10.0	50.0	5r_15b	5.0	15.0	bipolar	
2780.69182427079	2.0	trials	1.0	2.0	75.0	biphasic	5.0	100.0	1.0	10.0	50.0	5r_15b	5.0	15.0	bipolar	
2782.6918271325158	2.0	trials	1.0	2.0	75.0	biphasic	5.0	100.0	1.0	10.0	50.0	5r_15b	5.0	15.0	bipolar	
2784.6918299942413	2.0	trials	1.0	2.0	75.0	biphasic	5.0	100.0	1.0	10.0	50.0	5r_15b	5.0	15.0	bipolar	
2786.691651611714	2.0	trials	1.0	2.0	75.0	biphasic	5.0	100.0	1.0	10.0	50.0	5r_15b	5.0	15.0	bipolar	
2788.6916543433613	2.0	trials	1.0	2.0	75.0	biphasic	5.0	100.0	1.0	10.0	50.0	5r_15b	5.0	15.0	bipolar	
2790.691657075008	2.0	trials	1.0	2.0	75.0	biphasic	5.0	100.0	1.0	10.0	50.0	5r_15b	5.0	15.0	bipolar	
2792.6916598066555	2.0	trials	1.0	2.0	75.0	biphasic	5.0	100.0	1.0	10.0	50.0	5r_15b	5.0	15.0	bipolar	
2794.6916625383024	2.0	trials	1.0	2.0	75.0	biphasic	5.0	100.0	1.0	10.0	50.0	5r_15b	5.0	15.0	bipolar	
2796.6916652699497	2.0	trials	1.0	2.0	75.0	biphasic	5.0	100.0	1.0	10.0	50.0	5r_15b	5.0	15.0	bipolar	
2798.6916347015176	2.0	trials	1.0	2.0	75.0	biphasic	5.0	100.0	1.0	10.0	50.0	5r_15b	5.0	15.0	bipolar	
2800.691637433165	2.0	trials	1.0	2.0	75.0	biphasic	5.0	100.0	1.0	10.0	50.0	5r_15b	5.0	15.0	bipolar	
2802.691640164812	2.0	trials	1.0	2.0	75.0	biphasic	5.0	100.0	1.0	10.0	50.0	5r_15b	5.0	15.0	bipolar	
2804.691642896459	2.0	trials	1.0	2.0	75.0	biphasic	5.0	100.0	1.0	10.0	50.0	5r_15b	5.0	15.0	bipolar	
2806.691463083093	2.0	trials	1.0	2.0	75.0	biphasic	5.0	100.0	1.0	10.0	50.0	5r_15b	5.0	15.0	bipolar	
2808.6918310348688	2.0	trials	1.0	2.0	75.0	biphasic	5.0	100.0	1.0	10.0	50.0	5r_15b	5.0	15.0	bipolar	
2810.692016701813	2.0	trials	1.0	2.0	75.0	biphasic	5.0	100.0	1.0	10.0	50.0	5r_15b	5.0	15.0	bipolar	
2812.6918367583203	2.0	trials	1.0	2.0	75.0	biphasic	5.0	100.0	1.0	10.0	50.0	5r_15b	5.0	15.0	bipolar	
2814.6916565546944	2.0	trials	1.0	2.0	75.0	biphasic	5.0	100.0	1.0	10.0	50.0	5r_15b	5.0	15.0	bipolar	
2816.691842481772	2.0	trials	1.0	2.0	75.0	biphasic	5.0	100.0	1.0	10.0	50.0	5r_15b	5.0	15.0	bipolar	
2818.6916620179886	2.0	trials	1.0	2.0	75.0	biphasic	5.0	100.0	1.0	10.0	50.0	5r_15b	5.0	15.0	bipolar	
2820.691814905142	2.0	trials	1.0	2.0	75.0	biphasic	5.0	100.0	1.0	10.0	50.0	5r_15b	5.0	15.0	bipolar	
2822.691634181204	2.0	trials	1.0	2.0	75.0	biphasic	5.0	100.0	1.0	10.0	50.0	5r_15b	5.0	15.0	bipolar	
2824.6918206285936	2.0	trials	1.0	2.0	75.0	biphasic	5.0	100.0	1.0	10.0	50.0	5r_15b	5.0	15.0	bipolar	
2826.691639644498	2.0	trials	1.0	2.0	75.0	biphasic	5.0	100.0	1.0	10.0	50.0	5r_15b	5.0	15.0	bipolar	
2828.691826352045	2.0	trials	1.0	2.0	75.0	biphasic	5.0	100.0	1.0	10.0	50.0	5r_15b	5.0	15.0	bipolar	
2830.6916451077923	2.0	trials	1.0	2.0	75.0	biphasic	5.0	100.0	1.0	10.0	50.0	5r_15b	5.0	15.0	bipolar	
2832.6914636034066	2.0	trials	1.0	2.0	75.0	biphasic	5.0	100.0	1.0	10.0	50.0	5r_15b	5.0	15.0	bipolar	
2834.6916505710865	2.0	trials	1.0	2.0	75.0	biphasic	5.0	100.0	1.0	10.0	50.0	5r_15b	5.0	15.0	bipolar	
2836.6914688065435	2.0	trials	1.0	2.0	75.0	biphasic	5.0	100.0	1.0	10.0	50.0	5r_15b	5.0	15.0	bipolar	
2838.6916560343807	2.0	trials	1.0	2.0	75.0	biphasic	5.0	100.0	1.0	10.0	50.0	5r_15b	5.0	15.0	bipolar	
2840.6914407096037	2.0	trials	1.0	2.0	75.0	biphasic	5.0	100.0	1.0	10.0	50.0	5r_15b	5.0	15.0	bipolar	
2842.691628197596	2.0	trials	1.0	2.0	75.0	biphasic	5.0	100.0	1.0	10.0	50.0	5r_15b	5.0	15.0	bipolar	
2844.6914459127406	2.0	trials	1.0	2.0	75.0	biphasic	5.0	100.0	1.0	10.0	50.0	5r_15b	5.0	15.0	bipolar	
2846.69163366089	2.0	trials	1.0	2.0	75.0	biphasic	5.0	100.0	1.0	10.0	50.0	5r_15b	5.0	15.0	bipolar	
2848.691451115878	2.0	trials	1.0	2.0	75.0	biphasic	5.0	100.0	1.0	10.0	50.0	5r_15b	5.0	15.0	bipolar	
2850.691824530947	2.0	trials	1.0	2.0	75.0	biphasic	5.0	100.0	1.0	10.0	50.0	5r_15b	5.0	15.0	bipolar	
2852.6916418558317	2.0	trials	1.0	2.0	75.0	biphasic	5.0	100.0	1.0	10.0	50.0	5r_15b	5.0	15.0	bipolar	
2854.691830254398	2.0	trials	1.0	2.0	75.0	biphasic	5.0	100.0	1.0	10.0	50.0	5r_15b	5.0	15.0	bipolar	
2856.691647319126	2.0	trials	1.0	2.0	75.0	biphasic	5.0	100.0	1.0	10.0	50.0	5r_15b	5.0	15.0	bipolar	
2858.6916500507728	2.0	trials	1.0	2.0	75.0	biphasic	5.0	100.0	1.0	10.0	50.0	5r_15b	5.0	15.0	bipolar	
2860.69165278242	2.0	trials	1.0	2.0	75.0	biphasic	5.0	100.0	1.0	10.0	50.0	5r_15b	5.0	15.0	bipolar	
2862.6916222139885	2.0	trials	1.0	2.0	75.0	biphasic	5.0	100.0	1.0	10.0	50.0	5r_15b	5.0	15.0	bipolar	
2964.516163221908	2.0	trials	1.0	2.0	75.0	biphasic	6.0	100.0	1.0	10.0	-100.0	5r_15b	5.0	15.0	bipolar	
2966.5159731437466	2.0	trials	1.0	2.0	75.0	biphasic	6.0	100.0	1.0	10.0	-100.0	5r_15b	5.0	15.0	bipolar	
2968.5157828054535	2.0	trials	1.0	2.0	75.0	biphasic	6.0	100.0	1.0	10.0	-100.0	5r_15b	5.0	15.0	bipolar	
2970.515978607041	2.0	trials	1.0	2.0	75.0	biphasic	6.0	100.0	1.0	10.0	-100.0	5r_15b	5.0	15.0	bipolar	
2972.5157880085903	2.0	trials	1.0	2.0	75.0	biphasic	6.0	100.0	1.0	10.0	-100.0	5r_15b	5.0	15.0	bipolar	
2974.515984070335	2.0	trials	1.0	2.0	75.0	biphasic	6.0	100.0	1.0	10.0	-100.0	5r_15b	5.0	15.0	bipolar	
2976.515793211727	2.0	trials	1.0	2.0	75.0	biphasic	6.0	100.0	1.0	10.0	-100.0	5r_15b	5.0	15.0	bipolar	
2978.515989533629	2.0	trials	1.0	2.0	75.0	biphasic	6.0	100.0	1.0	10.0	-100.0	5r_15b	5.0	15.0	bipolar	
2980.515765114788	2.0	trials	1.0	2.0	75.0	biphasic	6.0	100.0	1.0	10.0	-100.0	5r_15b	5.0	15.0	bipolar	
2982.5159616968444	2.0	trials	1.0	2.0	75.0	biphasic	6.0	100.0	1.0	10.0	-100.0	5r_15b	5.0	15.0	bipolar	
2984.5157703179248	2.0	trials	1.0	2.0	75.0	biphasic	6.0	100.0	1.0	10.0	-100.0	5r_15b	5.0	15.0	bipolar	
2986.5159671601386	2.0	trials	1.0	2.0	75.0	biphasic	6.0	100.0	1.0	10.0	-100.0	5r_15b	5.0	15.0	bipolar	
2988.5157755210616	2.0	trials	1.0	2.0	75.0	biphasic	6.0	100.0	1.0	10.0	-100.0	5r_15b	5.0	15.0	bipolar	
2990.515972623433	2.0	trials	1.0	2.0	75.0	biphasic	6.0	100.0	1.0	10.0	-100.0	5r_15b	5.0	15.0	bipolar	
2992.516169985987	2.0	trials	1.0	2.0	75.0	biphasic	6.0	100.0	1.0	10.0	-100.0	5r_15b	5.0	15.0	bipolar	
2994.515978086727	2.0	trials	1.0	2.0	75.0	biphasic	6.0	100.0	1.0	10.0	-100.0	5r_15b	5.0	15.0	bipolar	
2996.516175709438	2.0	trials	1.0	2.0	75.0	biphasic	6.0	100.0	1.0	10.0	-100.0	5r_15b	5.0	15.0	bipolar	
2998.5159835500212	2.0	trials	1.0	2.0	75.0	biphasic	6.0	100.0	1.0	10.0	-100.0	5r_15b	5.0	15.0	bipolar	
3000.515986281668	2.0	trials	1.0	2.0	75.0	biphasic	6.0	100.0	1.0	10.0	-100.0	5r_15b	5.0	15.0	bipolar	
3002.5159557132365	2.0	trials	1.0	2.0	75.0	biphasic	6.0	100.0	1.0	10.0	-100.0	5r_15b	5.0	15.0	bipolar	
3004.515958444884	2.0	trials	1.0	2.0	75.0	biphasic	6.0	100.0	1.0	10.0	-100.0	5r_15b	5.0	15.0	bipolar	
3006.5159611765307	2.0	trials	1.0	2.0	75.0	biphasic	6.0	100.0	1.0	10.0	-100.0	5r_15b	5.0	15.0	bipolar	
3008.515963908178	2.0	trials	1.0	2.0	75.0	biphasic	6.0	100.0	1.0	10.0	-100.0	5r_15b	5.0	15.0	bipolar	
3010.515966639825	2.0	trials	1.0	2.0	75.0	biphasic	6.0	100.0	1.0	10.0	-100.0	5r_15b	5.0	15.0	bipolar	
3012.5157734398067	2.0	trials	1.0	2.0	75.0	biphasic	6.0	100.0	1.0	10.0	-100.0	5r_15b	5.0	15.0	bipolar	
3014.515972103119	2.0	trials	1.0	2.0	75.0	biphasic	6.0	100.0	1.0	10.0	-100.0	5r_15b	5.0	15.0	bipolar	
3016.5159748347664	2.0	trials	1.0	2.0	75.0	biphasic	6.0	100.0	1.0	10.0	-100.0	5r_15b	5.0	15.0	bipolar	
3018.5159775664133	2.0	trials	1.0	2.0	75.0	biphasic	6.0	100.0	1.0	10.0	-100.0	5r_15b	5.0	15.0	bipolar	
3020.515783846081	2.0	trials	1.0	2.0	75.0	biphasic	6.0	100.0	1.0	10.0	-100.0	5r_15b	5.0	15.0	bipolar	
3022.5159830297075	2.0	trials	1.0	2.0	75.0	biphasic	6.0	100.0	1.0	10.0	-100.0	5r_15b	5.0	15.0	bipolar	
3024.515755749141	2.0	trials	1.0	2.0	75.0	biphasic	6.0	100.0	1.0	10.0	-100.0	5r_15b	5.0	15.0	bipolar	
3026.515955192923	2.0	trials	1.0	2.0	75.0	biphasic	6.0	100.0	1.0	10.0	-100.0	5r_15b	5.0	15.0	bipolar	
3028.515760952278	2.0	trials	1.0	2.0	75.0	biphasic	6.0	100.0	1.0	10.0	-100.0	5r_15b	5.0	15.0	bipolar	
3030.515960656217	2.0	trials	1.0	2.0	75.0	biphasic	6.0	100.0	1.0	10.0	-100.0	5r_15b	5.0	15.0	bipolar	
3032.515766155415	2.0	trials	1.0	2.0	75.0	biphasic	6.0	100.0	1.0	10.0	-100.0	5r_15b	5.0	15.0	bipolar	
3034.515966119511	2.0	trials	1.0	2.0	75.0	biphasic	6.0	100.0	1.0	10.0	-100.0	5r_15b	5.0	15.0	bipolar	
3036.5159688511585	2.0	trials	1.0	2.0	75.0	biphasic	6.0	100.0	1.0	10.0	-100.0	5r_15b	5.0	15.0	bipolar	
3038.5157739601204	2.0	trials	1.0	2.0	75.0	biphasic	6.0	100.0	1.0	10.0	-100.0	5r_15b	5.0	15.0	bipolar	
3040.5159743144527	2.0	trials	1.0	2.0	75.0	biphasic	6.0	100.0	1.0	10.0	-100.0	5r_15b	5.0	15.0	bipolar	
3042.5157791632573	2.0	trials	1.0	2.0	75.0	biphasic	6.0	100.0	1.0	10.0	-100.0	5r_15b	5.0	15.0	bipolar	
3044.515946477668	2.0	trials	1.0	2.0	75.0	biphasic	6.0	100.0	1.0	10.0	-100.0	5r_15b	5.0	15.0	bipolar	
3046.515751066318	2.0	trials	1.0	2.0	75.0	biphasic	6.0	100.0	1.0	10.0	-100.0	5r_15b	5.0	15.0	bipolar	
3048.515951940962	2.0	trials	1.0	2.0	75.0	biphasic	6.0	100.0	1.0	10.0	-100.0	5r_15b	5.0	15.0	bipolar	
3050.515756269455	2.0	trials	1.0	2.0	75.0	biphasic	6.0	100.0	1.0	10.0	-100.0	5r_15b	5.0	15.0	bipolar	
3052.5159574042564	2.0	trials	1.0	2.0	75.0	biphasic	6.0	100.0	1.0	10.0	-100.0	5r_15b	5.0	15.0	bipolar	
3054.5157614725917	2.0	trials	1.0	2.0	75.0	biphasic	6.0	100.0	1.0	10.0	-100.0	5r_15b	5.0	15.0	bipolar	
3056.5159628675506	2.0	trials	1.0	2.0	75.0	biphasic	6.0	100.0	1.0	10.0	-100.0	5r_15b	5.0	15.0	bipolar	
3058.5157666757286	2.0	trials	1.0	2.0	75.0	biphasic	6.0	100.0	1.0	10.0	-100.0	5r_15b	5.0	15.0	bipolar	
3060.5159683308448	2.0	trials	1.0	2.0	75.0	biphasic	6.0	100.0	1.0	10.0	-100.0	5r_15b	5.0	15.0	bipolar	
3062.515771878866	2.0	trials	1.0	2.0	75.0	biphasic	6.0	100.0	1.0	10.0	-100.0	5r_15b	5.0	15.0	bipolar	
3064.515774480434	2.0	trials	1.0	2.0	75.0	biphasic	6.0	100.0	1.0	10.0	-100.0	5r_15b	5.0	15.0	bipolar	
3066.515743781926	2.0	trials	1.0	2.0	75.0	biphasic	6.0	100.0	1.0	10.0	-100.0	5r_15b	5.0	15.0	bipolar	
3068.5161455312395	2.0	trials	1.0	2.0	75.0	biphasic	6.0	100.0	1.0	10.0	-100.0	5r_15b	5.0	15.0	bipolar	
3070.5163480969554	2.0	trials	1.0	2.0	75.0	biphasic	6.0	100.0	1.0	10.0	-100.0	5r_15b	5.0	15.0	bipolar	
3072.516151254691	2.0	trials	1.0	2.0	75.0	biphasic	6.0	100.0	1.0	10.0	-100.0	5r_15b	5.0	15.0	bipolar	
3074.5163540805643	2.0	trials	1.0	2.0	75.0	biphasic	6.0	100.0	1.0	10.0	-100.0	5r_15b	5.0	15.0	bipolar	
3076.5161569781426	2.0	trials	1.0	2.0	75.0	biphasic	6.0	100.0	1.0	10.0	-100.0	5r_15b	5.0	15.0	bipolar	
3078.516360064173	2.0	trials	1.0	2.0	75.0	biphasic	6.0	100.0	1.0	10.0	-100.0	5r_15b	5.0	15.0	bipolar	
3080.516162701594	2.0	trials	1.0	2.0	75.0	biphasic	6.0	100.0	1.0	10.0	-100.0	5r_15b	5.0	15.0	bipolar	
3082.5159650788837	2.0	trials	1.0	2.0	75.0	biphasic	6.0	100.0	1.0	10.0	-100.0	5r_15b	5.0	15.0	bipolar	
3084.516168425045	2.0	trials	1.0	2.0	75.0	biphasic	6.0	100.0	1.0	10.0	-100.0	5r_15b	5.0	15.0	bipolar	
3086.5163387313073	2.0	trials	1.0	2.0	75.0	biphasic	6.0	100.0	1.0	10.0	-100.0	5r_15b	5.0	15.0	bipolar	
3088.516140848416	2.0	trials	1.0	2.0	75.0	biphasic	6.0	100.0	1.0	10.0	-100.0	5r_15b	5.0	15.0	bipolar	
3090.515942705393	2.0	trials	1.0	2.0	75.0	biphasic	6.0	100.0	1.0	10.0	-100.0	5r_15b	5.0	15.0	bipolar	
3092.516146571867	2.0	trials	1.0	2.0	75.0	biphasic	6.0	100.0	1.0	10.0	-100.0	5r_15b	5.0	15.0	bipolar	
3094.5159481686874	2.0	trials	1.0	2.0	75.0	biphasic	6.0	100.0	1.0	10.0	-100.0	5r_15b	5.0	15.0	bipolar	
3096.5161522953185	2.0	trials	1.0	2.0	75.0	biphasic	6.0	100.0	1.0	10.0	-100.0	5r_15b	5.0	15.0	bipolar	
3098.5159536319816	2.0	trials	1.0	2.0	75.0	biphasic	6.0	100.0	1.0	10.0	-100.0	5r_15b	5.0	15.0	bipolar	
3100.51615801877	2.0	trials	1.0	2.0	75.0	biphasic	6.0	100.0	1.0	10.0	-100.0	5r_15b	5.0	15.0	bipolar	
3102.515959095276	2.0	trials	1.0	2.0	75.0	biphasic	6.0	100.0	1.0	10.0	-100.0	5r_15b	5.0	15.0	bipolar	
3104.5161637422216	2.0	trials	1.0	2.0	75.0	biphasic	6.0	100.0	1.0	10.0	-100.0	5r_15b	5.0	15.0	bipolar	
3106.51596455857	2.0	trials	1.0	2.0	75.0	biphasic	6.0	100.0	1.0	10.0	-100.0	5r_15b	5.0	15.0	bipolar	
3108.515731814711	2.0	trials	1.0	2.0	75.0	biphasic	6.0	100.0	1.0	10.0	-100.0	5r_15b	5.0	15.0	bipolar	
3110.5161390273174	2.0	trials	1.0	2.0	75.0	biphasic	6.0	100.0	1.0	10.0	-100.0	5r_15b	5.0	15.0	bipolar	
3112.5161418890434	2.0	trials	1.0	2.0	75.0	biphasic	6.0	100.0	1.0	10.0	-100.0	5r_15b	5.0	15.0	bipolar	
