name	probe_name	x	y	z	hemisphere	impedance	shank_id	location
e000	DenmanLab_EphysRig2	21.0	0.0	3820.0	n/a	0.0	probeA	none
e001	DenmanLab_EphysRig2	53.0	0.0	3820.0	n/a	0.0	probeA	none
e002	DenmanLab_EphysRig2	5.0	0.0	3820.0	n/a	0.0	probeA	none
e003	DenmanLab_EphysRig2	37.0	0.0	3820.0	n/a	0.0	probeA	none
e004	DenmanLab_EphysRig2	21.0	0.0	3820.0	n/a	0.0	probeA	none
e005	DenmanLab_EphysRig2	53.0	0.0	3820.0	n/a	0.0	probeA	none
e006	DenmanLab_EphysRig2	5.0	0.0	3820.0	n/a	0.0	probeA	none
e007	DenmanLab_EphysRig2	37.0	0.0	3820.0	n/a	0.0	probeA	none
e008	DenmanLab_EphysRig2	21.0	0.0	3820.0	n/a	0.0	probeA	none
e009	DenmanLab_EphysRig2	53.0	0.0	3820.0	n/a	0.0	probeA	none
e010	DenmanLab_EphysRig2	5.0	0.0	3820.0	n/a	0.0	probeA	none
e011	DenmanLab_EphysRig2	37.0	0.0	3820.0	n/a	0.0	probeA	none
e012	DenmanLab_EphysRig2	21.0	0.0	3820.0	n/a	0.0	probeA	none
e013	DenmanLab_EphysRig2	53.0	0.0	3820.0	n/a	0.0	probeA	none
e014	DenmanLab_EphysRig2	5.0	0.0	3820.0	n/a	0.0	probeA	none
e015	DenmanLab_EphysRig2	37.0	0.0	3820.0	n/a	0.0	probeA	none
e016	DenmanLab_EphysRig2	21.0	0.0	3820.0	n/a	0.0	probeA	none
e017	DenmanLab_EphysRig2	53.0	0.0	3820.0	n/a	0.0	probeA	none
e018	DenmanLab_EphysRig2	5.0	0.0	3820.0	n/a	0.0	probeA	none
e019	DenmanLab_EphysRig2	37.0	0.0	3820.0	n/a	0.0	probeA	none
e020	DenmanLab_EphysRig2	21.0	0.0	3820.0	n/a	0.0	probeA	none
e021	DenmanLab_EphysRig2	53.0	0.0	3820.0	n/a	0.0	probeA	none
e022	DenmanLab_EphysRig2	5.0	0.0	3820.0	n/a	0.0	probeA	none
e023	DenmanLab_EphysRig2	37.0	0.0	3820.0	n/a	0.0	probeA	none
e024	DenmanLab_EphysRig2	21.0	0.0	3820.0	n/a	0.0	probeA	none
e025	DenmanLab_EphysRig2	53.0	0.0	3820.0	n/a	0.0	probeA	none
e026	DenmanLab_EphysRig2	5.0	0.0	3820.0	n/a	0.0	probeA	none
e027	DenmanLab_EphysRig2	37.0	0.0	3820.0	n/a	0.0	probeA	none
e028	DenmanLab_EphysRig2	21.0	0.0	3820.0	n/a	0.0	probeA	none
e029	DenmanLab_EphysRig2	53.0	0.0	3820.0	n/a	0.0	probeA	none
e030	DenmanLab_EphysRig2	5.0	0.0	3820.0	n/a	0.0	probeA	none
e031	DenmanLab_EphysRig2	37.0	0.0	3820.0	n/a	0.0	probeA	none
e032	DenmanLab_EphysRig2	21.0	0.0	3820.0	n/a	0.0	probeA	none
e033	DenmanLab_EphysRig2	53.0	0.0	3820.0	n/a	0.0	probeA	none
e034	DenmanLab_EphysRig2	5.0	0.0	3820.0	n/a	0.0	probeA	none
e035	DenmanLab_EphysRig2	37.0	0.0	3820.0	n/a	0.0	probeA	none
e036	DenmanLab_EphysRig2	21.0	0.0	3820.0	n/a	0.0	probeA	none
e037	DenmanLab_EphysRig2	53.0	0.0	3820.0	n/a	0.0	probeA	none
e038	DenmanLab_EphysRig2	5.0	0.0	3820.0	n/a	0.0	probeA	none
e039	DenmanLab_EphysRig2	37.0	0.0	3820.0	n/a	0.0	probeA	none
e040	DenmanLab_EphysRig2	21.0	0.0	3820.0	n/a	0.0	probeA	none
e041	DenmanLab_EphysRig2	53.0	0.0	3820.0	n/a	0.0	probeA	none
e042	DenmanLab_EphysRig2	5.0	0.0	3820.0	n/a	0.0	probeA	none
e043	DenmanLab_EphysRig2	37.0	0.0	3820.0	n/a	0.0	probeA	none
e044	DenmanLab_EphysRig2	21.0	0.0	3820.0	n/a	0.0	probeA	none
e045	DenmanLab_EphysRig2	53.0	0.0	3820.0	n/a	0.0	probeA	none
e046	DenmanLab_EphysRig2	5.0	0.0	3820.0	n/a	0.0	probeA	none
e047	DenmanLab_EphysRig2	37.0	0.0	3820.0	n/a	0.0	probeA	none
e048	DenmanLab_EphysRig2	21.0	0.0	3820.0	n/a	0.0	probeA	none
e049	DenmanLab_EphysRig2	53.0	0.0	3820.0	n/a	0.0	probeA	none
e050	DenmanLab_EphysRig2	5.0	0.0	3820.0	n/a	0.0	probeA	none
e051	DenmanLab_EphysRig2	37.0	0.0	3820.0	n/a	0.0	probeA	none
e052	DenmanLab_EphysRig2	21.0	0.0	3820.0	n/a	0.0	probeA	none
e053	DenmanLab_EphysRig2	53.0	0.0	3820.0	n/a	0.0	probeA	none
e054	DenmanLab_EphysRig2	5.0	0.0	3820.0	n/a	0.0	probeA	none
e055	DenmanLab_EphysRig2	37.0	0.0	3820.0	n/a	0.0	probeA	none
e056	DenmanLab_EphysRig2	21.0	0.0	3820.0	n/a	0.0	probeA	none
e057	DenmanLab_EphysRig2	53.0	0.0	3820.0	n/a	0.0	probeA	none
e058	DenmanLab_EphysRig2	5.0	0.0	3820.0	n/a	0.0	probeA	none
e059	DenmanLab_EphysRig2	37.0	0.0	3820.0	n/a	0.0	probeA	none
e060	DenmanLab_EphysRig2	21.0	0.0	3820.0	n/a	0.0	probeA	none
e061	DenmanLab_EphysRig2	53.0	0.0	3820.0	n/a	0.0	probeA	none
e062	DenmanLab_EphysRig2	5.0	0.0	3820.0	n/a	0.0	probeA	none
e063	DenmanLab_EphysRig2	37.0	0.0	3820.0	n/a	0.0	probeA	none
e064	DenmanLab_EphysRig2	21.0	0.0	3820.0	n/a	0.0	probeA	none
e065	DenmanLab_EphysRig2	53.0	0.0	3820.0	n/a	0.0	probeA	none
e066	DenmanLab_EphysRig2	5.0	0.0	3820.0	n/a	0.0	probeA	none
e067	DenmanLab_EphysRig2	37.0	0.0	3820.0	n/a	0.0	probeA	none
e068	DenmanLab_EphysRig2	21.0	0.0	3820.0	n/a	0.0	probeA	none
e069	DenmanLab_EphysRig2	53.0	0.0	3820.0	n/a	0.0	probeA	none
e070	DenmanLab_EphysRig2	5.0	0.0	3820.0	n/a	0.0	probeA	none
e071	DenmanLab_EphysRig2	37.0	0.0	3820.0	n/a	0.0	probeA	none
e072	DenmanLab_EphysRig2	21.0	0.0	3820.0	n/a	0.0	probeA	none
e073	DenmanLab_EphysRig2	53.0	0.0	3820.0	n/a	0.0	probeA	none
e074	DenmanLab_EphysRig2	5.0	0.0	3820.0	n/a	0.0	probeA	none
e075	DenmanLab_EphysRig2	37.0	0.0	3820.0	n/a	0.0	probeA	none
e076	DenmanLab_EphysRig2	21.0	0.0	3820.0	n/a	0.0	probeA	none
e077	DenmanLab_EphysRig2	53.0	0.0	3820.0	n/a	0.0	probeA	none
e078	DenmanLab_EphysRig2	5.0	0.0	3820.0	n/a	0.0	probeA	none
e079	DenmanLab_EphysRig2	37.0	0.0	3820.0	n/a	0.0	probeA	none
e080	DenmanLab_EphysRig2	21.0	0.0	3820.0	n/a	0.0	probeA	none
e081	DenmanLab_EphysRig2	53.0	0.0	3820.0	n/a	0.0	probeA	none
e082	DenmanLab_EphysRig2	5.0	0.0	3820.0	n/a	0.0	probeA	none
e083	DenmanLab_EphysRig2	37.0	0.0	3820.0	n/a	0.0	probeA	none
e084	DenmanLab_EphysRig2	21.0	0.0	3820.0	n/a	0.0	probeA	none
e085	DenmanLab_EphysRig2	53.0	0.0	3820.0	n/a	0.0	probeA	none
e086	DenmanLab_EphysRig2	5.0	0.0	3820.0	n/a	0.0	probeA	none
e087	DenmanLab_EphysRig2	37.0	0.0	3820.0	n/a	0.0	probeA	none
e088	DenmanLab_EphysRig2	21.0	0.0	3820.0	n/a	0.0	probeA	none
e089	DenmanLab_EphysRig2	53.0	0.0	3820.0	n/a	0.0	probeA	none
e090	DenmanLab_EphysRig2	5.0	0.0	3820.0	n/a	0.0	probeA	none
e091	DenmanLab_EphysRig2	37.0	0.0	3820.0	n/a	0.0	probeA	none
e092	DenmanLab_EphysRig2	21.0	0.0	3820.0	n/a	0.0	probeA	none
e093	DenmanLab_EphysRig2	53.0	0.0	3820.0	n/a	0.0	probeA	none
e094	DenmanLab_EphysRig2	5.0	0.0	3820.0	n/a	0.0	probeA	none
e095	DenmanLab_EphysRig2	37.0	0.0	3820.0	n/a	0.0	probeA	none
e096	DenmanLab_EphysRig2	21.0	0.0	3820.0	n/a	0.0	probeA	none
e097	DenmanLab_EphysRig2	53.0	0.0	3820.0	n/a	0.0	probeA	none
e098	DenmanLab_EphysRig2	5.0	0.0	3820.0	n/a	0.0	probeA	none
e099	DenmanLab_EphysRig2	37.0	0.0	3820.0	n/a	0.0	probeA	none
e100	DenmanLab_EphysRig2	21.0	0.0	3820.0	n/a	0.0	probeA	none
e101	DenmanLab_EphysRig2	53.0	0.0	3820.0	n/a	0.0	probeA	none
e102	DenmanLab_EphysRig2	5.0	0.0	3820.0	n/a	0.0	probeA	none
e103	DenmanLab_EphysRig2	37.0	0.0	3820.0	n/a	0.0	probeA	none
e104	DenmanLab_EphysRig2	21.0	0.0	3820.0	n/a	0.0	probeA	none
e105	DenmanLab_EphysRig2	53.0	0.0	3820.0	n/a	0.0	probeA	none
e106	DenmanLab_EphysRig2	5.0	0.0	3820.0	n/a	0.0	probeA	none
e107	DenmanLab_EphysRig2	37.0	0.0	3820.0	n/a	0.0	probeA	none
e108	DenmanLab_EphysRig2	21.0	0.0	3820.0	n/a	0.0	probeA	none
e109	DenmanLab_EphysRig2	53.0	0.0	3820.0	n/a	0.0	probeA	none
e110	DenmanLab_EphysRig2	5.0	0.0	3820.0	n/a	0.0	probeA	none
e111	DenmanLab_EphysRig2	37.0	0.0	3820.0	n/a	0.0	probeA	none
e112	DenmanLab_EphysRig2	21.0	0.0	3820.0	n/a	0.0	probeA	none
e113	DenmanLab_EphysRig2	53.0	0.0	3820.0	n/a	0.0	probeA	none
e114	DenmanLab_EphysRig2	5.0	0.0	3820.0	n/a	0.0	probeA	none
e115	DenmanLab_EphysRig2	37.0	0.0	3820.0	n/a	0.0	probeA	none
e116	DenmanLab_EphysRig2	21.0	0.0	3820.0	n/a	0.0	probeA	none
e117	DenmanLab_EphysRig2	53.0	0.0	3820.0	n/a	0.0	probeA	none
e118	DenmanLab_EphysRig2	5.0	0.0	3820.0	n/a	0.0	probeA	none
e119	DenmanLab_EphysRig2	37.0	0.0	3820.0	n/a	0.0	probeA	none
e120	DenmanLab_EphysRig2	21.0	0.0	3820.0	n/a	0.0	probeA	none
e121	DenmanLab_EphysRig2	53.0	0.0	3820.0	n/a	0.0	probeA	none
e122	DenmanLab_EphysRig2	5.0	0.0	3820.0	n/a	0.0	probeA	none
e123	DenmanLab_EphysRig2	37.0	0.0	3820.0	n/a	0.0	probeA	none
e124	DenmanLab_EphysRig2	21.0	0.0	3820.0	n/a	0.0	probeA	none
e125	DenmanLab_EphysRig2	53.0	0.0	3820.0	n/a	0.0	probeA	none
e126	DenmanLab_EphysRig2	5.0	0.0	3820.0	n/a	0.0	probeA	none
e127	DenmanLab_EphysRig2	37.0	0.0	3820.0	n/a	0.0	probeA	none
e128	DenmanLab_EphysRig2	21.0	0.0	3820.0	n/a	0.0	probeA	none
e129	DenmanLab_EphysRig2	53.0	0.0	3820.0	n/a	0.0	probeA	none
e130	DenmanLab_EphysRig2	5.0	0.0	3820.0	n/a	0.0	probeA	none
e131	DenmanLab_EphysRig2	37.0	0.0	3820.0	n/a	0.0	probeA	none
e132	DenmanLab_EphysRig2	21.0	0.0	3820.0	n/a	0.0	probeA	none
e133	DenmanLab_EphysRig2	53.0	0.0	3820.0	n/a	0.0	probeA	none
e134	DenmanLab_EphysRig2	5.0	0.0	3820.0	n/a	0.0	probeA	none
e135	DenmanLab_EphysRig2	37.0	0.0	3820.0	n/a	0.0	probeA	none
e136	DenmanLab_EphysRig2	21.0	0.0	3820.0	n/a	0.0	probeA	none
e137	DenmanLab_EphysRig2	53.0	0.0	3820.0	n/a	0.0	probeA	none
e138	DenmanLab_EphysRig2	5.0	0.0	3820.0	n/a	0.0	probeA	none
e139	DenmanLab_EphysRig2	37.0	0.0	3820.0	n/a	0.0	probeA	none
e140	DenmanLab_EphysRig2	21.0	0.0	3820.0	n/a	0.0	probeA	none
e141	DenmanLab_EphysRig2	53.0	0.0	3820.0	n/a	0.0	probeA	none
e142	DenmanLab_EphysRig2	5.0	0.0	3820.0	n/a	0.0	probeA	none
e143	DenmanLab_EphysRig2	37.0	0.0	3820.0	n/a	0.0	probeA	none
e144	DenmanLab_EphysRig2	21.0	0.0	3820.0	n/a	0.0	probeA	none
e145	DenmanLab_EphysRig2	53.0	0.0	3820.0	n/a	0.0	probeA	none
e146	DenmanLab_EphysRig2	5.0	0.0	3820.0	n/a	0.0	probeA	none
e147	DenmanLab_EphysRig2	37.0	0.0	3820.0	n/a	0.0	probeA	none
e148	DenmanLab_EphysRig2	21.0	0.0	3820.0	n/a	0.0	probeA	none
e149	DenmanLab_EphysRig2	53.0	0.0	3820.0	n/a	0.0	probeA	none
e150	DenmanLab_EphysRig2	5.0	0.0	3820.0	n/a	0.0	probeA	none
e151	DenmanLab_EphysRig2	37.0	0.0	3820.0	n/a	0.0	probeA	none
e152	DenmanLab_EphysRig2	21.0	0.0	3820.0	n/a	0.0	probeA	none
e153	DenmanLab_EphysRig2	53.0	0.0	3820.0	n/a	0.0	probeA	none
e154	DenmanLab_EphysRig2	5.0	0.0	3820.0	n/a	0.0	probeA	none
e155	DenmanLab_EphysRig2	37.0	0.0	3820.0	n/a	0.0	probeA	none
e156	DenmanLab_EphysRig2	21.0	0.0	3820.0	n/a	0.0	probeA	none
e157	DenmanLab_EphysRig2	53.0	0.0	3820.0	n/a	0.0	probeA	none
e158	DenmanLab_EphysRig2	5.0	0.0	3820.0	n/a	0.0	probeA	none
e159	DenmanLab_EphysRig2	37.0	0.0	3820.0	n/a	0.0	probeA	none
e160	DenmanLab_EphysRig2	21.0	0.0	3820.0	n/a	0.0	probeA	none
e161	DenmanLab_EphysRig2	53.0	0.0	3820.0	n/a	0.0	probeA	none
e162	DenmanLab_EphysRig2	5.0	0.0	3820.0	n/a	0.0	probeA	none
e163	DenmanLab_EphysRig2	37.0	0.0	3820.0	n/a	0.0	probeA	none
e164	DenmanLab_EphysRig2	21.0	0.0	3820.0	n/a	0.0	probeA	none
e165	DenmanLab_EphysRig2	53.0	0.0	3820.0	n/a	0.0	probeA	none
e166	DenmanLab_EphysRig2	5.0	0.0	3820.0	n/a	0.0	probeA	none
e167	DenmanLab_EphysRig2	37.0	0.0	3820.0	n/a	0.0	probeA	none
e168	DenmanLab_EphysRig2	21.0	0.0	3820.0	n/a	0.0	probeA	none
e169	DenmanLab_EphysRig2	53.0	0.0	3820.0	n/a	0.0	probeA	none
e170	DenmanLab_EphysRig2	5.0	0.0	3820.0	n/a	0.0	probeA	none
e171	DenmanLab_EphysRig2	37.0	0.0	3820.0	n/a	0.0	probeA	none
e172	DenmanLab_EphysRig2	21.0	0.0	3820.0	n/a	0.0	probeA	none
e173	DenmanLab_EphysRig2	53.0	0.0	3820.0	n/a	0.0	probeA	none
e174	DenmanLab_EphysRig2	5.0	0.0	3820.0	n/a	0.0	probeA	none
e175	DenmanLab_EphysRig2	37.0	0.0	3820.0	n/a	0.0	probeA	none
e176	DenmanLab_EphysRig2	21.0	0.0	3820.0	n/a	0.0	probeA	none
e177	DenmanLab_EphysRig2	53.0	0.0	3820.0	n/a	0.0	probeA	none
e178	DenmanLab_EphysRig2	5.0	0.0	3820.0	n/a	0.0	probeA	none
e179	DenmanLab_EphysRig2	37.0	0.0	3820.0	n/a	0.0	probeA	none
e180	DenmanLab_EphysRig2	21.0	0.0	3820.0	n/a	0.0	probeA	none
e181	DenmanLab_EphysRig2	53.0	0.0	3820.0	n/a	0.0	probeA	none
e182	DenmanLab_EphysRig2	5.0	0.0	3820.0	n/a	0.0	probeA	none
e183	DenmanLab_EphysRig2	37.0	0.0	3820.0	n/a	0.0	probeA	none
e184	DenmanLab_EphysRig2	21.0	0.0	3820.0	n/a	0.0	probeA	none
e185	DenmanLab_EphysRig2	53.0	0.0	3820.0	n/a	0.0	probeA	none
e186	DenmanLab_EphysRig2	5.0	0.0	3820.0	n/a	0.0	probeA	none
e187	DenmanLab_EphysRig2	37.0	0.0	3820.0	n/a	0.0	probeA	none
e188	DenmanLab_EphysRig2	21.0	0.0	3820.0	n/a	0.0	probeA	none
e189	DenmanLab_EphysRig2	53.0	0.0	3820.0	n/a	0.0	probeA	none
e190	DenmanLab_EphysRig2	5.0	0.0	3820.0	n/a	0.0	probeA	none
e191	DenmanLab_EphysRig2	37.0	0.0	3820.0	n/a	0.0	probeA	none
e192	DenmanLab_EphysRig2	21.0	0.0	3820.0	n/a	0.0	probeA	none
e193	DenmanLab_EphysRig2	53.0	0.0	3820.0	n/a	0.0	probeA	none
e194	DenmanLab_EphysRig2	5.0	0.0	3820.0	n/a	0.0	probeA	none
e195	DenmanLab_EphysRig2	37.0	0.0	3820.0	n/a	0.0	probeA	none
e196	DenmanLab_EphysRig2	21.0	0.0	3820.0	n/a	0.0	probeA	none
e197	DenmanLab_EphysRig2	53.0	0.0	3820.0	n/a	0.0	probeA	none
e198	DenmanLab_EphysRig2	5.0	0.0	3820.0	n/a	0.0	probeA	none
e199	DenmanLab_EphysRig2	37.0	0.0	3820.0	n/a	0.0	probeA	none
e200	DenmanLab_EphysRig2	21.0	0.0	3820.0	n/a	0.0	probeA	none
e201	DenmanLab_EphysRig2	53.0	0.0	3820.0	n/a	0.0	probeA	none
e202	DenmanLab_EphysRig2	5.0	0.0	3820.0	n/a	0.0	probeA	none
e203	DenmanLab_EphysRig2	37.0	0.0	3820.0	n/a	0.0	probeA	none
e204	DenmanLab_EphysRig2	21.0	0.0	3820.0	n/a	0.0	probeA	none
e205	DenmanLab_EphysRig2	53.0	0.0	3820.0	n/a	0.0	probeA	none
e206	DenmanLab_EphysRig2	5.0	0.0	3820.0	n/a	0.0	probeA	none
e207	DenmanLab_EphysRig2	37.0	0.0	3820.0	n/a	0.0	probeA	none
e208	DenmanLab_EphysRig2	21.0	0.0	3820.0	n/a	0.0	probeA	none
e209	DenmanLab_EphysRig2	53.0	0.0	3820.0	n/a	0.0	probeA	none
e210	DenmanLab_EphysRig2	5.0	0.0	3820.0	n/a	0.0	probeA	none
e211	DenmanLab_EphysRig2	37.0	0.0	3820.0	n/a	0.0	probeA	none
e212	DenmanLab_EphysRig2	21.0	0.0	3820.0	n/a	0.0	probeA	none
e213	DenmanLab_EphysRig2	53.0	0.0	3820.0	n/a	0.0	probeA	none
e214	DenmanLab_EphysRig2	5.0	0.0	3820.0	n/a	0.0	probeA	none
e215	DenmanLab_EphysRig2	37.0	0.0	3820.0	n/a	0.0	probeA	none
e216	DenmanLab_EphysRig2	21.0	0.0	3820.0	n/a	0.0	probeA	none
e217	DenmanLab_EphysRig2	53.0	0.0	3820.0	n/a	0.0	probeA	none
e218	DenmanLab_EphysRig2	5.0	0.0	3820.0	n/a	0.0	probeA	none
e219	DenmanLab_EphysRig2	37.0	0.0	3820.0	n/a	0.0	probeA	none
e220	DenmanLab_EphysRig2	21.0	0.0	3820.0	n/a	0.0	probeA	none
e221	DenmanLab_EphysRig2	53.0	0.0	3820.0	n/a	0.0	probeA	none
e222	DenmanLab_EphysRig2	5.0	0.0	3820.0	n/a	0.0	probeA	none
e223	DenmanLab_EphysRig2	37.0	0.0	3820.0	n/a	0.0	probeA	none
e224	DenmanLab_EphysRig2	21.0	0.0	3820.0	n/a	0.0	probeA	none
e225	DenmanLab_EphysRig2	53.0	0.0	3820.0	n/a	0.0	probeA	none
e226	DenmanLab_EphysRig2	5.0	0.0	3820.0	n/a	0.0	probeA	none
e227	DenmanLab_EphysRig2	37.0	0.0	3820.0	n/a	0.0	probeA	none
e228	DenmanLab_EphysRig2	21.0	0.0	3820.0	n/a	0.0	probeA	none
e229	DenmanLab_EphysRig2	53.0	0.0	3820.0	n/a	0.0	probeA	none
e230	DenmanLab_EphysRig2	5.0	0.0	3820.0	n/a	0.0	probeA	none
e231	DenmanLab_EphysRig2	37.0	0.0	3820.0	n/a	0.0	probeA	none
e232	DenmanLab_EphysRig2	21.0	0.0	3820.0	n/a	0.0	probeA	none
e233	DenmanLab_EphysRig2	53.0	0.0	3820.0	n/a	0.0	probeA	none
e234	DenmanLab_EphysRig2	5.0	0.0	3820.0	n/a	0.0	probeA	none
e235	DenmanLab_EphysRig2	37.0	0.0	3820.0	n/a	0.0	probeA	none
e236	DenmanLab_EphysRig2	21.0	0.0	3820.0	n/a	0.0	probeA	none
e237	DenmanLab_EphysRig2	53.0	0.0	3820.0	n/a	0.0	probeA	none
e238	DenmanLab_EphysRig2	5.0	0.0	3820.0	n/a	0.0	probeA	none
e239	DenmanLab_EphysRig2	37.0	0.0	3820.0	n/a	0.0	probeA	none
e240	DenmanLab_EphysRig2	21.0	0.0	3820.0	n/a	0.0	probeA	none
e241	DenmanLab_EphysRig2	53.0	0.0	3820.0	n/a	0.0	probeA	none
e242	DenmanLab_EphysRig2	5.0	0.0	3820.0	n/a	0.0	probeA	none
e243	DenmanLab_EphysRig2	37.0	0.0	3820.0	n/a	0.0	probeA	none
e244	DenmanLab_EphysRig2	21.0	0.0	3820.0	n/a	0.0	probeA	none
e245	DenmanLab_EphysRig2	53.0	0.0	3820.0	n/a	0.0	probeA	none
e246	DenmanLab_EphysRig2	5.0	0.0	3820.0	n/a	0.0	probeA	none
e247	DenmanLab_EphysRig2	37.0	0.0	3820.0	n/a	0.0	probeA	none
e248	DenmanLab_EphysRig2	21.0	0.0	3820.0	n/a	0.0	probeA	none
e249	DenmanLab_EphysRig2	53.0	0.0	3820.0	n/a	0.0	probeA	none
e250	DenmanLab_EphysRig2	5.0	0.0	3820.0	n/a	0.0	probeA	none
e251	DenmanLab_EphysRig2	37.0	0.0	3820.0	n/a	0.0	probeA	none
e252	DenmanLab_EphysRig2	21.0	0.0	3820.0	n/a	0.0	probeA	none
e253	DenmanLab_EphysRig2	53.0	0.0	3820.0	n/a	0.0	probeA	none
e254	DenmanLab_EphysRig2	5.0	0.0	3820.0	n/a	0.0	probeA	none
e255	DenmanLab_EphysRig2	37.0	0.0	3820.0	n/a	0.0	probeA	none
e256	DenmanLab_EphysRig2	21.0	0.0	3820.0	n/a	0.0	probeA	none
e257	DenmanLab_EphysRig2	53.0	0.0	3820.0	n/a	0.0	probeA	none
e258	DenmanLab_EphysRig2	5.0	0.0	3820.0	n/a	0.0	probeA	none
e259	DenmanLab_EphysRig2	37.0	0.0	3820.0	n/a	0.0	probeA	none
e260	DenmanLab_EphysRig2	21.0	0.0	3820.0	n/a	0.0	probeA	none
e261	DenmanLab_EphysRig2	53.0	0.0	3820.0	n/a	0.0	probeA	none
e262	DenmanLab_EphysRig2	5.0	0.0	3820.0	n/a	0.0	probeA	none
e263	DenmanLab_EphysRig2	37.0	0.0	3820.0	n/a	0.0	probeA	none
e264	DenmanLab_EphysRig2	21.0	0.0	3820.0	n/a	0.0	probeA	none
e265	DenmanLab_EphysRig2	53.0	0.0	3820.0	n/a	0.0	probeA	none
e266	DenmanLab_EphysRig2	5.0	0.0	3820.0	n/a	0.0	probeA	none
e267	DenmanLab_EphysRig2	37.0	0.0	3820.0	n/a	0.0	probeA	none
e268	DenmanLab_EphysRig2	21.0	0.0	3820.0	n/a	0.0	probeA	none
e269	DenmanLab_EphysRig2	53.0	0.0	3820.0	n/a	0.0	probeA	none
e270	DenmanLab_EphysRig2	5.0	0.0	3820.0	n/a	0.0	probeA	none
e271	DenmanLab_EphysRig2	37.0	0.0	3820.0	n/a	0.0	probeA	none
e272	DenmanLab_EphysRig2	21.0	0.0	3820.0	n/a	0.0	probeA	none
e273	DenmanLab_EphysRig2	53.0	0.0	3820.0	n/a	0.0	probeA	none
e274	DenmanLab_EphysRig2	5.0	0.0	3820.0	n/a	0.0	probeA	none
e275	DenmanLab_EphysRig2	37.0	0.0	3820.0	n/a	0.0	probeA	none
e276	DenmanLab_EphysRig2	21.0	0.0	3820.0	n/a	0.0	probeA	none
e277	DenmanLab_EphysRig2	53.0	0.0	3820.0	n/a	0.0	probeA	none
e278	DenmanLab_EphysRig2	5.0	0.0	3820.0	n/a	0.0	probeA	none
e279	DenmanLab_EphysRig2	37.0	0.0	3820.0	n/a	0.0	probeA	none
e280	DenmanLab_EphysRig2	21.0	0.0	3820.0	n/a	0.0	probeA	none
e281	DenmanLab_EphysRig2	53.0	0.0	3820.0	n/a	0.0	probeA	none
e282	DenmanLab_EphysRig2	5.0	0.0	3820.0	n/a	0.0	probeA	none
e283	DenmanLab_EphysRig2	37.0	0.0	3820.0	n/a	0.0	probeA	none
e284	DenmanLab_EphysRig2	21.0	0.0	3820.0	n/a	0.0	probeA	none
e285	DenmanLab_EphysRig2	53.0	0.0	3820.0	n/a	0.0	probeA	none
e286	DenmanLab_EphysRig2	5.0	0.0	3820.0	n/a	0.0	probeA	none
e287	DenmanLab_EphysRig2	37.0	0.0	3820.0	n/a	0.0	probeA	none
e288	DenmanLab_EphysRig2	21.0	0.0	3820.0	n/a	0.0	probeA	none
e289	DenmanLab_EphysRig2	53.0	0.0	3820.0	n/a	0.0	probeA	none
e290	DenmanLab_EphysRig2	5.0	0.0	3820.0	n/a	0.0	probeA	none
e291	DenmanLab_EphysRig2	37.0	0.0	3820.0	n/a	0.0	probeA	none
e292	DenmanLab_EphysRig2	21.0	0.0	3820.0	n/a	0.0	probeA	none
e293	DenmanLab_EphysRig2	53.0	0.0	3820.0	n/a	0.0	probeA	none
e294	DenmanLab_EphysRig2	5.0	0.0	3820.0	n/a	0.0	probeA	none
e295	DenmanLab_EphysRig2	37.0	0.0	3820.0	n/a	0.0	probeA	none
e296	DenmanLab_EphysRig2	21.0	0.0	3820.0	n/a	0.0	probeA	none
e297	DenmanLab_EphysRig2	53.0	0.0	3820.0	n/a	0.0	probeA	none
e298	DenmanLab_EphysRig2	5.0	0.0	3820.0	n/a	0.0	probeA	none
e299	DenmanLab_EphysRig2	37.0	0.0	3820.0	n/a	0.0	probeA	none
e300	DenmanLab_EphysRig2	21.0	0.0	3820.0	n/a	0.0	probeA	none
e301	DenmanLab_EphysRig2	53.0	0.0	3820.0	n/a	0.0	probeA	none
e302	DenmanLab_EphysRig2	5.0	0.0	3820.0	n/a	0.0	probeA	none
e303	DenmanLab_EphysRig2	37.0	0.0	3820.0	n/a	0.0	probeA	none
e304	DenmanLab_EphysRig2	21.0	0.0	3820.0	n/a	0.0	probeA	none
e305	DenmanLab_EphysRig2	53.0	0.0	3820.0	n/a	0.0	probeA	none
e306	DenmanLab_EphysRig2	5.0	0.0	3820.0	n/a	0.0	probeA	none
e307	DenmanLab_EphysRig2	37.0	0.0	3820.0	n/a	0.0	probeA	none
e308	DenmanLab_EphysRig2	21.0	0.0	3820.0	n/a	0.0	probeA	none
e309	DenmanLab_EphysRig2	53.0	0.0	3820.0	n/a	0.0	probeA	none
e310	DenmanLab_EphysRig2	5.0	0.0	3820.0	n/a	0.0	probeA	none
e311	DenmanLab_EphysRig2	37.0	0.0	3820.0	n/a	0.0	probeA	none
e312	DenmanLab_EphysRig2	21.0	0.0	3820.0	n/a	0.0	probeA	none
e313	DenmanLab_EphysRig2	53.0	0.0	3820.0	n/a	0.0	probeA	none
e314	DenmanLab_EphysRig2	5.0	0.0	3820.0	n/a	0.0	probeA	none
e315	DenmanLab_EphysRig2	37.0	0.0	3820.0	n/a	0.0	probeA	none
e316	DenmanLab_EphysRig2	21.0	0.0	3820.0	n/a	0.0	probeA	none
e317	DenmanLab_EphysRig2	53.0	0.0	3820.0	n/a	0.0	probeA	none
e318	DenmanLab_EphysRig2	5.0	0.0	3820.0	n/a	0.0	probeA	none
e319	DenmanLab_EphysRig2	37.0	0.0	3820.0	n/a	0.0	probeA	none
e320	DenmanLab_EphysRig2	21.0	0.0	3820.0	n/a	0.0	probeA	none
e321	DenmanLab_EphysRig2	53.0	0.0	3820.0	n/a	0.0	probeA	none
e322	DenmanLab_EphysRig2	5.0	0.0	3820.0	n/a	0.0	probeA	none
e323	DenmanLab_EphysRig2	37.0	0.0	3820.0	n/a	0.0	probeA	none
e324	DenmanLab_EphysRig2	21.0	0.0	3820.0	n/a	0.0	probeA	none
e325	DenmanLab_EphysRig2	53.0	0.0	3820.0	n/a	0.0	probeA	none
e326	DenmanLab_EphysRig2	5.0	0.0	3820.0	n/a	0.0	probeA	none
e327	DenmanLab_EphysRig2	37.0	0.0	3820.0	n/a	0.0	probeA	none
e328	DenmanLab_EphysRig2	21.0	0.0	3820.0	n/a	0.0	probeA	none
e329	DenmanLab_EphysRig2	53.0	0.0	3820.0	n/a	0.0	probeA	none
e330	DenmanLab_EphysRig2	5.0	0.0	3820.0	n/a	0.0	probeA	none
e331	DenmanLab_EphysRig2	37.0	0.0	3820.0	n/a	0.0	probeA	none
e332	DenmanLab_EphysRig2	21.0	0.0	3820.0	n/a	0.0	probeA	none
e333	DenmanLab_EphysRig2	53.0	0.0	3820.0	n/a	0.0	probeA	none
e334	DenmanLab_EphysRig2	5.0	0.0	3820.0	n/a	0.0	probeA	none
e335	DenmanLab_EphysRig2	37.0	0.0	3820.0	n/a	0.0	probeA	none
e336	DenmanLab_EphysRig2	21.0	0.0	3820.0	n/a	0.0	probeA	none
e337	DenmanLab_EphysRig2	53.0	0.0	3820.0	n/a	0.0	probeA	none
e338	DenmanLab_EphysRig2	5.0	0.0	3820.0	n/a	0.0	probeA	none
e339	DenmanLab_EphysRig2	37.0	0.0	3820.0	n/a	0.0	probeA	none
e340	DenmanLab_EphysRig2	21.0	0.0	3820.0	n/a	0.0	probeA	none
e341	DenmanLab_EphysRig2	53.0	0.0	3820.0	n/a	0.0	probeA	none
e342	DenmanLab_EphysRig2	5.0	0.0	3820.0	n/a	0.0	probeA	none
e343	DenmanLab_EphysRig2	37.0	0.0	3820.0	n/a	0.0	probeA	none
e344	DenmanLab_EphysRig2	21.0	0.0	3820.0	n/a	0.0	probeA	none
e345	DenmanLab_EphysRig2	53.0	0.0	3820.0	n/a	0.0	probeA	none
e346	DenmanLab_EphysRig2	5.0	0.0	3820.0	n/a	0.0	probeA	none
e347	DenmanLab_EphysRig2	37.0	0.0	3820.0	n/a	0.0	probeA	none
e348	DenmanLab_EphysRig2	21.0	0.0	3820.0	n/a	0.0	probeA	none
e349	DenmanLab_EphysRig2	53.0	0.0	3820.0	n/a	0.0	probeA	none
e350	DenmanLab_EphysRig2	5.0	0.0	3820.0	n/a	0.0	probeA	none
e351	DenmanLab_EphysRig2	37.0	0.0	3820.0	n/a	0.0	probeA	none
e352	DenmanLab_EphysRig2	21.0	0.0	3820.0	n/a	0.0	probeA	none
e353	DenmanLab_EphysRig2	53.0	0.0	3820.0	n/a	0.0	probeA	none
e354	DenmanLab_EphysRig2	5.0	0.0	3820.0	n/a	0.0	probeA	none
e355	DenmanLab_EphysRig2	37.0	0.0	3820.0	n/a	0.0	probeA	none
e356	DenmanLab_EphysRig2	21.0	0.0	3820.0	n/a	0.0	probeA	none
e357	DenmanLab_EphysRig2	53.0	0.0	3820.0	n/a	0.0	probeA	none
e358	DenmanLab_EphysRig2	5.0	0.0	3820.0	n/a	0.0	probeA	none
e359	DenmanLab_EphysRig2	37.0	0.0	3820.0	n/a	0.0	probeA	none
e360	DenmanLab_EphysRig2	21.0	0.0	3820.0	n/a	0.0	probeA	none
e361	DenmanLab_EphysRig2	53.0	0.0	3820.0	n/a	0.0	probeA	none
e362	DenmanLab_EphysRig2	5.0	0.0	3820.0	n/a	0.0	probeA	none
e363	DenmanLab_EphysRig2	37.0	0.0	3820.0	n/a	0.0	probeA	none
e364	DenmanLab_EphysRig2	21.0	0.0	3820.0	n/a	0.0	probeA	none
e365	DenmanLab_EphysRig2	53.0	0.0	3820.0	n/a	0.0	probeA	none
e366	DenmanLab_EphysRig2	5.0	0.0	3820.0	n/a	0.0	probeA	none
e367	DenmanLab_EphysRig2	37.0	0.0	3820.0	n/a	0.0	probeA	none
e368	DenmanLab_EphysRig2	21.0	0.0	3820.0	n/a	0.0	probeA	none
e369	DenmanLab_EphysRig2	53.0	0.0	3820.0	n/a	0.0	probeA	none
e370	DenmanLab_EphysRig2	5.0	0.0	3820.0	n/a	0.0	probeA	none
e371	DenmanLab_EphysRig2	37.0	0.0	3820.0	n/a	0.0	probeA	none
e372	DenmanLab_EphysRig2	21.0	0.0	3820.0	n/a	0.0	probeA	none
e373	DenmanLab_EphysRig2	53.0	0.0	3820.0	n/a	0.0	probeA	none
e374	DenmanLab_EphysRig2	5.0	0.0	3820.0	n/a	0.0	probeA	none
e375	DenmanLab_EphysRig2	37.0	0.0	3820.0	n/a	0.0	probeA	none
e376	DenmanLab_EphysRig2	21.0	0.0	3820.0	n/a	0.0	probeA	none
e377	DenmanLab_EphysRig2	53.0	0.0	3820.0	n/a	0.0	probeA	none
e378	DenmanLab_EphysRig2	5.0	0.0	3820.0	n/a	0.0	probeA	none
e379	DenmanLab_EphysRig2	37.0	0.0	3820.0	n/a	0.0	probeA	none
e380	DenmanLab_EphysRig2	21.0	0.0	3820.0	n/a	0.0	probeA	none
e381	DenmanLab_EphysRig2	53.0	0.0	3820.0	n/a	0.0	probeA	none
e382	DenmanLab_EphysRig2	5.0	0.0	3820.0	n/a	0.0	probeA	none
e383	DenmanLab_EphysRig2	37.0	0.0	3820.0	n/a	0.0	probeA	none
e384	DenmanLab_EphysRig2	21.0	0.0	3820.0	n/a	0.0	probeB	none
e385	DenmanLab_EphysRig2	53.0	0.0	3820.0	n/a	0.0	probeB	none
e386	DenmanLab_EphysRig2	5.0	0.0	3820.0	n/a	0.0	probeB	none
e387	DenmanLab_EphysRig2	37.0	0.0	3820.0	n/a	0.0	probeB	none
e388	DenmanLab_EphysRig2	21.0	0.0	3820.0	n/a	0.0	probeB	none
e389	DenmanLab_EphysRig2	53.0	0.0	3820.0	n/a	0.0	probeB	none
e390	DenmanLab_EphysRig2	5.0	0.0	3820.0	n/a	0.0	probeB	none
e391	DenmanLab_EphysRig2	37.0	0.0	3820.0	n/a	0.0	probeB	none
e392	DenmanLab_EphysRig2	21.0	0.0	3820.0	n/a	0.0	probeB	none
e393	DenmanLab_EphysRig2	53.0	0.0	3820.0	n/a	0.0	probeB	none
e394	DenmanLab_EphysRig2	5.0	0.0	3820.0	n/a	0.0	probeB	none
e395	DenmanLab_EphysRig2	37.0	0.0	3820.0	n/a	0.0	probeB	none
e396	DenmanLab_EphysRig2	21.0	0.0	3820.0	n/a	0.0	probeB	none
e397	DenmanLab_EphysRig2	53.0	0.0	3820.0	n/a	0.0	probeB	none
e398	DenmanLab_EphysRig2	5.0	0.0	3820.0	n/a	0.0	probeB	none
e399	DenmanLab_EphysRig2	37.0	0.0	3820.0	n/a	0.0	probeB	none
e400	DenmanLab_EphysRig2	21.0	0.0	3820.0	n/a	0.0	probeB	none
e401	DenmanLab_EphysRig2	53.0	0.0	3820.0	n/a	0.0	probeB	none
e402	DenmanLab_EphysRig2	5.0	0.0	3820.0	n/a	0.0	probeB	none
e403	DenmanLab_EphysRig2	37.0	0.0	3820.0	n/a	0.0	probeB	none
e404	DenmanLab_EphysRig2	21.0	0.0	3820.0	n/a	0.0	probeB	none
e405	DenmanLab_EphysRig2	53.0	0.0	3820.0	n/a	0.0	probeB	none
e406	DenmanLab_EphysRig2	5.0	0.0	3820.0	n/a	0.0	probeB	none
e407	DenmanLab_EphysRig2	37.0	0.0	3820.0	n/a	0.0	probeB	none
e408	DenmanLab_EphysRig2	21.0	0.0	3820.0	n/a	0.0	probeB	none
e409	DenmanLab_EphysRig2	53.0	0.0	3820.0	n/a	0.0	probeB	none
e410	DenmanLab_EphysRig2	5.0	0.0	3820.0	n/a	0.0	probeB	none
e411	DenmanLab_EphysRig2	37.0	0.0	3820.0	n/a	0.0	probeB	none
e412	DenmanLab_EphysRig2	21.0	0.0	3820.0	n/a	0.0	probeB	none
e413	DenmanLab_EphysRig2	53.0	0.0	3820.0	n/a	0.0	probeB	none
e414	DenmanLab_EphysRig2	5.0	0.0	3820.0	n/a	0.0	probeB	none
e415	DenmanLab_EphysRig2	37.0	0.0	3820.0	n/a	0.0	probeB	none
e416	DenmanLab_EphysRig2	21.0	0.0	3820.0	n/a	0.0	probeB	none
e417	DenmanLab_EphysRig2	53.0	0.0	3820.0	n/a	0.0	probeB	none
e418	DenmanLab_EphysRig2	5.0	0.0	3820.0	n/a	0.0	probeB	none
e419	DenmanLab_EphysRig2	37.0	0.0	3820.0	n/a	0.0	probeB	none
e420	DenmanLab_EphysRig2	21.0	0.0	3820.0	n/a	0.0	probeB	none
e421	DenmanLab_EphysRig2	53.0	0.0	3820.0	n/a	0.0	probeB	none
e422	DenmanLab_EphysRig2	5.0	0.0	3820.0	n/a	0.0	probeB	none
e423	DenmanLab_EphysRig2	37.0	0.0	3820.0	n/a	0.0	probeB	none
e424	DenmanLab_EphysRig2	21.0	0.0	3820.0	n/a	0.0	probeB	none
e425	DenmanLab_EphysRig2	53.0	0.0	3820.0	n/a	0.0	probeB	none
e426	DenmanLab_EphysRig2	5.0	0.0	3820.0	n/a	0.0	probeB	none
e427	DenmanLab_EphysRig2	37.0	0.0	3820.0	n/a	0.0	probeB	none
e428	DenmanLab_EphysRig2	21.0	0.0	3820.0	n/a	0.0	probeB	none
e429	DenmanLab_EphysRig2	53.0	0.0	3820.0	n/a	0.0	probeB	none
e430	DenmanLab_EphysRig2	5.0	0.0	3820.0	n/a	0.0	probeB	none
e431	DenmanLab_EphysRig2	37.0	0.0	3820.0	n/a	0.0	probeB	none
e432	DenmanLab_EphysRig2	21.0	0.0	3820.0	n/a	0.0	probeB	none
e433	DenmanLab_EphysRig2	53.0	0.0	3820.0	n/a	0.0	probeB	none
e434	DenmanLab_EphysRig2	5.0	0.0	3820.0	n/a	0.0	probeB	none
e435	DenmanLab_EphysRig2	37.0	0.0	3820.0	n/a	0.0	probeB	none
e436	DenmanLab_EphysRig2	21.0	0.0	3820.0	n/a	0.0	probeB	none
e437	DenmanLab_EphysRig2	53.0	0.0	3820.0	n/a	0.0	probeB	none
e438	DenmanLab_EphysRig2	5.0	0.0	3820.0	n/a	0.0	probeB	none
e439	DenmanLab_EphysRig2	37.0	0.0	3820.0	n/a	0.0	probeB	none
e440	DenmanLab_EphysRig2	21.0	0.0	3820.0	n/a	0.0	probeB	none
e441	DenmanLab_EphysRig2	53.0	0.0	3820.0	n/a	0.0	probeB	none
e442	DenmanLab_EphysRig2	5.0	0.0	3820.0	n/a	0.0	probeB	none
e443	DenmanLab_EphysRig2	37.0	0.0	3820.0	n/a	0.0	probeB	none
e444	DenmanLab_EphysRig2	21.0	0.0	3820.0	n/a	0.0	probeB	none
e445	DenmanLab_EphysRig2	53.0	0.0	3820.0	n/a	0.0	probeB	none
e446	DenmanLab_EphysRig2	5.0	0.0	3820.0	n/a	0.0	probeB	none
e447	DenmanLab_EphysRig2	37.0	0.0	3820.0	n/a	0.0	probeB	none
e448	DenmanLab_EphysRig2	21.0	0.0	3820.0	n/a	0.0	probeB	none
e449	DenmanLab_EphysRig2	53.0	0.0	3820.0	n/a	0.0	probeB	none
e450	DenmanLab_EphysRig2	5.0	0.0	3820.0	n/a	0.0	probeB	none
e451	DenmanLab_EphysRig2	37.0	0.0	3820.0	n/a	0.0	probeB	none
e452	DenmanLab_EphysRig2	21.0	0.0	3820.0	n/a	0.0	probeB	none
e453	DenmanLab_EphysRig2	53.0	0.0	3820.0	n/a	0.0	probeB	none
e454	DenmanLab_EphysRig2	5.0	0.0	3820.0	n/a	0.0	probeB	none
e455	DenmanLab_EphysRig2	37.0	0.0	3820.0	n/a	0.0	probeB	none
e456	DenmanLab_EphysRig2	21.0	0.0	3820.0	n/a	0.0	probeB	none
e457	DenmanLab_EphysRig2	53.0	0.0	3820.0	n/a	0.0	probeB	none
e458	DenmanLab_EphysRig2	5.0	0.0	3820.0	n/a	0.0	probeB	none
e459	DenmanLab_EphysRig2	37.0	0.0	3820.0	n/a	0.0	probeB	none
e460	DenmanLab_EphysRig2	21.0	0.0	3820.0	n/a	0.0	probeB	none
e461	DenmanLab_EphysRig2	53.0	0.0	3820.0	n/a	0.0	probeB	none
e462	DenmanLab_EphysRig2	5.0	0.0	3820.0	n/a	0.0	probeB	none
e463	DenmanLab_EphysRig2	37.0	0.0	3820.0	n/a	0.0	probeB	none
e464	DenmanLab_EphysRig2	21.0	0.0	3820.0	n/a	0.0	probeB	none
e465	DenmanLab_EphysRig2	53.0	0.0	3820.0	n/a	0.0	probeB	none
e466	DenmanLab_EphysRig2	5.0	0.0	3820.0	n/a	0.0	probeB	none
e467	DenmanLab_EphysRig2	37.0	0.0	3820.0	n/a	0.0	probeB	none
e468	DenmanLab_EphysRig2	21.0	0.0	3820.0	n/a	0.0	probeB	none
e469	DenmanLab_EphysRig2	53.0	0.0	3820.0	n/a	0.0	probeB	none
e470	DenmanLab_EphysRig2	5.0	0.0	3820.0	n/a	0.0	probeB	none
e471	DenmanLab_EphysRig2	37.0	0.0	3820.0	n/a	0.0	probeB	none
e472	DenmanLab_EphysRig2	21.0	0.0	3820.0	n/a	0.0	probeB	none
e473	DenmanLab_EphysRig2	53.0	0.0	3820.0	n/a	0.0	probeB	none
e474	DenmanLab_EphysRig2	5.0	0.0	3820.0	n/a	0.0	probeB	none
e475	DenmanLab_EphysRig2	37.0	0.0	3820.0	n/a	0.0	probeB	none
e476	DenmanLab_EphysRig2	21.0	0.0	3820.0	n/a	0.0	probeB	none
e477	DenmanLab_EphysRig2	53.0	0.0	3820.0	n/a	0.0	probeB	none
e478	DenmanLab_EphysRig2	5.0	0.0	3820.0	n/a	0.0	probeB	none
e479	DenmanLab_EphysRig2	37.0	0.0	3820.0	n/a	0.0	probeB	none
e480	DenmanLab_EphysRig2	21.0	0.0	3820.0	n/a	0.0	probeB	none
e481	DenmanLab_EphysRig2	53.0	0.0	3820.0	n/a	0.0	probeB	none
e482	DenmanLab_EphysRig2	5.0	0.0	3820.0	n/a	0.0	probeB	none
e483	DenmanLab_EphysRig2	37.0	0.0	3820.0	n/a	0.0	probeB	none
e484	DenmanLab_EphysRig2	21.0	0.0	3820.0	n/a	0.0	probeB	none
e485	DenmanLab_EphysRig2	53.0	0.0	3820.0	n/a	0.0	probeB	none
e486	DenmanLab_EphysRig2	5.0	0.0	3820.0	n/a	0.0	probeB	none
e487	DenmanLab_EphysRig2	37.0	0.0	3820.0	n/a	0.0	probeB	none
e488	DenmanLab_EphysRig2	21.0	0.0	3820.0	n/a	0.0	probeB	none
e489	DenmanLab_EphysRig2	53.0	0.0	3820.0	n/a	0.0	probeB	none
e490	DenmanLab_EphysRig2	5.0	0.0	3820.0	n/a	0.0	probeB	none
e491	DenmanLab_EphysRig2	37.0	0.0	3820.0	n/a	0.0	probeB	none
e492	DenmanLab_EphysRig2	21.0	0.0	3820.0	n/a	0.0	probeB	none
e493	DenmanLab_EphysRig2	53.0	0.0	3820.0	n/a	0.0	probeB	none
e494	DenmanLab_EphysRig2	5.0	0.0	3820.0	n/a	0.0	probeB	none
e495	DenmanLab_EphysRig2	37.0	0.0	3820.0	n/a	0.0	probeB	none
e496	DenmanLab_EphysRig2	21.0	0.0	3820.0	n/a	0.0	probeB	none
e497	DenmanLab_EphysRig2	53.0	0.0	3820.0	n/a	0.0	probeB	none
e498	DenmanLab_EphysRig2	5.0	0.0	3820.0	n/a	0.0	probeB	none
e499	DenmanLab_EphysRig2	37.0	0.0	3820.0	n/a	0.0	probeB	none
e500	DenmanLab_EphysRig2	21.0	0.0	3820.0	n/a	0.0	probeB	none
e501	DenmanLab_EphysRig2	53.0	0.0	3820.0	n/a	0.0	probeB	none
e502	DenmanLab_EphysRig2	5.0	0.0	3820.0	n/a	0.0	probeB	none
e503	DenmanLab_EphysRig2	37.0	0.0	3820.0	n/a	0.0	probeB	none
e504	DenmanLab_EphysRig2	21.0	0.0	3820.0	n/a	0.0	probeB	none
e505	DenmanLab_EphysRig2	53.0	0.0	3820.0	n/a	0.0	probeB	none
e506	DenmanLab_EphysRig2	5.0	0.0	3820.0	n/a	0.0	probeB	none
e507	DenmanLab_EphysRig2	37.0	0.0	3820.0	n/a	0.0	probeB	none
e508	DenmanLab_EphysRig2	21.0	0.0	3820.0	n/a	0.0	probeB	none
e509	DenmanLab_EphysRig2	53.0	0.0	3820.0	n/a	0.0	probeB	none
e510	DenmanLab_EphysRig2	5.0	0.0	3820.0	n/a	0.0	probeB	none
e511	DenmanLab_EphysRig2	37.0	0.0	3820.0	n/a	0.0	probeB	none
e512	DenmanLab_EphysRig2	21.0	0.0	3820.0	n/a	0.0	probeB	none
e513	DenmanLab_EphysRig2	53.0	0.0	3820.0	n/a	0.0	probeB	none
e514	DenmanLab_EphysRig2	5.0	0.0	3820.0	n/a	0.0	probeB	none
e515	DenmanLab_EphysRig2	37.0	0.0	3820.0	n/a	0.0	probeB	none
e516	DenmanLab_EphysRig2	21.0	0.0	3820.0	n/a	0.0	probeB	none
e517	DenmanLab_EphysRig2	53.0	0.0	3820.0	n/a	0.0	probeB	none
e518	DenmanLab_EphysRig2	5.0	0.0	3820.0	n/a	0.0	probeB	none
e519	DenmanLab_EphysRig2	37.0	0.0	3820.0	n/a	0.0	probeB	none
e520	DenmanLab_EphysRig2	21.0	0.0	3820.0	n/a	0.0	probeB	none
e521	DenmanLab_EphysRig2	53.0	0.0	3820.0	n/a	0.0	probeB	none
e522	DenmanLab_EphysRig2	5.0	0.0	3820.0	n/a	0.0	probeB	none
e523	DenmanLab_EphysRig2	37.0	0.0	3820.0	n/a	0.0	probeB	none
e524	DenmanLab_EphysRig2	21.0	0.0	3820.0	n/a	0.0	probeB	none
e525	DenmanLab_EphysRig2	53.0	0.0	3820.0	n/a	0.0	probeB	none
e526	DenmanLab_EphysRig2	5.0	0.0	3820.0	n/a	0.0	probeB	none
e527	DenmanLab_EphysRig2	37.0	0.0	3820.0	n/a	0.0	probeB	none
e528	DenmanLab_EphysRig2	21.0	0.0	3820.0	n/a	0.0	probeB	none
e529	DenmanLab_EphysRig2	53.0	0.0	3820.0	n/a	0.0	probeB	none
e530	DenmanLab_EphysRig2	5.0	0.0	3820.0	n/a	0.0	probeB	none
e531	DenmanLab_EphysRig2	37.0	0.0	3820.0	n/a	0.0	probeB	none
e532	DenmanLab_EphysRig2	21.0	0.0	3820.0	n/a	0.0	probeB	none
e533	DenmanLab_EphysRig2	53.0	0.0	3820.0	n/a	0.0	probeB	none
e534	DenmanLab_EphysRig2	5.0	0.0	3820.0	n/a	0.0	probeB	none
e535	DenmanLab_EphysRig2	37.0	0.0	3820.0	n/a	0.0	probeB	none
e536	DenmanLab_EphysRig2	21.0	0.0	3820.0	n/a	0.0	probeB	none
e537	DenmanLab_EphysRig2	53.0	0.0	3820.0	n/a	0.0	probeB	none
e538	DenmanLab_EphysRig2	5.0	0.0	3820.0	n/a	0.0	probeB	none
e539	DenmanLab_EphysRig2	37.0	0.0	3820.0	n/a	0.0	probeB	none
e540	DenmanLab_EphysRig2	21.0	0.0	3820.0	n/a	0.0	probeB	none
e541	DenmanLab_EphysRig2	53.0	0.0	3820.0	n/a	0.0	probeB	none
e542	DenmanLab_EphysRig2	5.0	0.0	3820.0	n/a	0.0	probeB	none
e543	DenmanLab_EphysRig2	37.0	0.0	3820.0	n/a	0.0	probeB	none
e544	DenmanLab_EphysRig2	21.0	0.0	3820.0	n/a	0.0	probeB	none
e545	DenmanLab_EphysRig2	53.0	0.0	3820.0	n/a	0.0	probeB	none
e546	DenmanLab_EphysRig2	5.0	0.0	3820.0	n/a	0.0	probeB	none
e547	DenmanLab_EphysRig2	37.0	0.0	3820.0	n/a	0.0	probeB	none
e548	DenmanLab_EphysRig2	21.0	0.0	3820.0	n/a	0.0	probeB	none
e549	DenmanLab_EphysRig2	53.0	0.0	3820.0	n/a	0.0	probeB	none
e550	DenmanLab_EphysRig2	5.0	0.0	3820.0	n/a	0.0	probeB	none
e551	DenmanLab_EphysRig2	37.0	0.0	3820.0	n/a	0.0	probeB	none
e552	DenmanLab_EphysRig2	21.0	0.0	3820.0	n/a	0.0	probeB	none
e553	DenmanLab_EphysRig2	53.0	0.0	3820.0	n/a	0.0	probeB	none
e554	DenmanLab_EphysRig2	5.0	0.0	3820.0	n/a	0.0	probeB	none
e555	DenmanLab_EphysRig2	37.0	0.0	3820.0	n/a	0.0	probeB	none
e556	DenmanLab_EphysRig2	21.0	0.0	3820.0	n/a	0.0	probeB	none
e557	DenmanLab_EphysRig2	53.0	0.0	3820.0	n/a	0.0	probeB	none
e558	DenmanLab_EphysRig2	5.0	0.0	3820.0	n/a	0.0	probeB	none
e559	DenmanLab_EphysRig2	37.0	0.0	3820.0	n/a	0.0	probeB	none
e560	DenmanLab_EphysRig2	21.0	0.0	3820.0	n/a	0.0	probeB	none
e561	DenmanLab_EphysRig2	53.0	0.0	3820.0	n/a	0.0	probeB	none
e562	DenmanLab_EphysRig2	5.0	0.0	3820.0	n/a	0.0	probeB	none
e563	DenmanLab_EphysRig2	37.0	0.0	3820.0	n/a	0.0	probeB	none
e564	DenmanLab_EphysRig2	21.0	0.0	3820.0	n/a	0.0	probeB	none
e565	DenmanLab_EphysRig2	53.0	0.0	3820.0	n/a	0.0	probeB	none
e566	DenmanLab_EphysRig2	5.0	0.0	3820.0	n/a	0.0	probeB	none
e567	DenmanLab_EphysRig2	37.0	0.0	3820.0	n/a	0.0	probeB	none
e568	DenmanLab_EphysRig2	21.0	0.0	3820.0	n/a	0.0	probeB	none
e569	DenmanLab_EphysRig2	53.0	0.0	3820.0	n/a	0.0	probeB	none
e570	DenmanLab_EphysRig2	5.0	0.0	3820.0	n/a	0.0	probeB	none
e571	DenmanLab_EphysRig2	37.0	0.0	3820.0	n/a	0.0	probeB	none
e572	DenmanLab_EphysRig2	21.0	0.0	3820.0	n/a	0.0	probeB	none
e573	DenmanLab_EphysRig2	53.0	0.0	3820.0	n/a	0.0	probeB	none
e574	DenmanLab_EphysRig2	5.0	0.0	3820.0	n/a	0.0	probeB	none
e575	DenmanLab_EphysRig2	37.0	0.0	3820.0	n/a	0.0	probeB	none
e576	DenmanLab_EphysRig2	21.0	0.0	3820.0	n/a	0.0	probeB	none
e577	DenmanLab_EphysRig2	53.0	0.0	3820.0	n/a	0.0	probeB	none
e578	DenmanLab_EphysRig2	5.0	0.0	3820.0	n/a	0.0	probeB	none
e579	DenmanLab_EphysRig2	37.0	0.0	3820.0	n/a	0.0	probeB	none
e580	DenmanLab_EphysRig2	21.0	0.0	3820.0	n/a	0.0	probeB	none
e581	DenmanLab_EphysRig2	53.0	0.0	3820.0	n/a	0.0	probeB	none
e582	DenmanLab_EphysRig2	5.0	0.0	3820.0	n/a	0.0	probeB	none
e583	DenmanLab_EphysRig2	37.0	0.0	3820.0	n/a	0.0	probeB	none
e584	DenmanLab_EphysRig2	21.0	0.0	3820.0	n/a	0.0	probeB	none
e585	DenmanLab_EphysRig2	53.0	0.0	3820.0	n/a	0.0	probeB	none
e586	DenmanLab_EphysRig2	5.0	0.0	3820.0	n/a	0.0	probeB	none
e587	DenmanLab_EphysRig2	37.0	0.0	3820.0	n/a	0.0	probeB	none
e588	DenmanLab_EphysRig2	21.0	0.0	3820.0	n/a	0.0	probeB	none
e589	DenmanLab_EphysRig2	53.0	0.0	3820.0	n/a	0.0	probeB	none
e590	DenmanLab_EphysRig2	5.0	0.0	3820.0	n/a	0.0	probeB	none
e591	DenmanLab_EphysRig2	37.0	0.0	3820.0	n/a	0.0	probeB	none
e592	DenmanLab_EphysRig2	21.0	0.0	3820.0	n/a	0.0	probeB	none
e593	DenmanLab_EphysRig2	53.0	0.0	3820.0	n/a	0.0	probeB	none
e594	DenmanLab_EphysRig2	5.0	0.0	3820.0	n/a	0.0	probeB	none
e595	DenmanLab_EphysRig2	37.0	0.0	3820.0	n/a	0.0	probeB	none
e596	DenmanLab_EphysRig2	21.0	0.0	3820.0	n/a	0.0	probeB	none
e597	DenmanLab_EphysRig2	53.0	0.0	3820.0	n/a	0.0	probeB	none
e598	DenmanLab_EphysRig2	5.0	0.0	3820.0	n/a	0.0	probeB	none
e599	DenmanLab_EphysRig2	37.0	0.0	3820.0	n/a	0.0	probeB	none
e600	DenmanLab_EphysRig2	21.0	0.0	3820.0	n/a	0.0	probeB	none
e601	DenmanLab_EphysRig2	53.0	0.0	3820.0	n/a	0.0	probeB	none
e602	DenmanLab_EphysRig2	5.0	0.0	3820.0	n/a	0.0	probeB	none
e603	DenmanLab_EphysRig2	37.0	0.0	3820.0	n/a	0.0	probeB	none
e604	DenmanLab_EphysRig2	21.0	0.0	3820.0	n/a	0.0	probeB	none
e605	DenmanLab_EphysRig2	53.0	0.0	3820.0	n/a	0.0	probeB	none
e606	DenmanLab_EphysRig2	5.0	0.0	3820.0	n/a	0.0	probeB	none
e607	DenmanLab_EphysRig2	37.0	0.0	3820.0	n/a	0.0	probeB	none
e608	DenmanLab_EphysRig2	21.0	0.0	3820.0	n/a	0.0	probeB	none
e609	DenmanLab_EphysRig2	53.0	0.0	3820.0	n/a	0.0	probeB	none
e610	DenmanLab_EphysRig2	5.0	0.0	3820.0	n/a	0.0	probeB	none
e611	DenmanLab_EphysRig2	37.0	0.0	3820.0	n/a	0.0	probeB	none
e612	DenmanLab_EphysRig2	21.0	0.0	3820.0	n/a	0.0	probeB	none
e613	DenmanLab_EphysRig2	53.0	0.0	3820.0	n/a	0.0	probeB	none
e614	DenmanLab_EphysRig2	5.0	0.0	3820.0	n/a	0.0	probeB	none
e615	DenmanLab_EphysRig2	37.0	0.0	3820.0	n/a	0.0	probeB	none
e616	DenmanLab_EphysRig2	21.0	0.0	3820.0	n/a	0.0	probeB	none
e617	DenmanLab_EphysRig2	53.0	0.0	3820.0	n/a	0.0	probeB	none
e618	DenmanLab_EphysRig2	5.0	0.0	3820.0	n/a	0.0	probeB	none
e619	DenmanLab_EphysRig2	37.0	0.0	3820.0	n/a	0.0	probeB	none
e620	DenmanLab_EphysRig2	21.0	0.0	3820.0	n/a	0.0	probeB	none
e621	DenmanLab_EphysRig2	53.0	0.0	3820.0	n/a	0.0	probeB	none
e622	DenmanLab_EphysRig2	5.0	0.0	3820.0	n/a	0.0	probeB	none
e623	DenmanLab_EphysRig2	37.0	0.0	3820.0	n/a	0.0	probeB	none
e624	DenmanLab_EphysRig2	21.0	0.0	3820.0	n/a	0.0	probeB	none
e625	DenmanLab_EphysRig2	53.0	0.0	3820.0	n/a	0.0	probeB	none
e626	DenmanLab_EphysRig2	5.0	0.0	3820.0	n/a	0.0	probeB	none
e627	DenmanLab_EphysRig2	37.0	0.0	3820.0	n/a	0.0	probeB	none
e628	DenmanLab_EphysRig2	21.0	0.0	3820.0	n/a	0.0	probeB	none
e629	DenmanLab_EphysRig2	53.0	0.0	3820.0	n/a	0.0	probeB	none
e630	DenmanLab_EphysRig2	5.0	0.0	3820.0	n/a	0.0	probeB	none
e631	DenmanLab_EphysRig2	37.0	0.0	3820.0	n/a	0.0	probeB	none
e632	DenmanLab_EphysRig2	21.0	0.0	3820.0	n/a	0.0	probeB	none
e633	DenmanLab_EphysRig2	53.0	0.0	3820.0	n/a	0.0	probeB	none
e634	DenmanLab_EphysRig2	5.0	0.0	3820.0	n/a	0.0	probeB	none
e635	DenmanLab_EphysRig2	37.0	0.0	3820.0	n/a	0.0	probeB	none
e636	DenmanLab_EphysRig2	21.0	0.0	3820.0	n/a	0.0	probeB	none
e637	DenmanLab_EphysRig2	53.0	0.0	3820.0	n/a	0.0	probeB	none
e638	DenmanLab_EphysRig2	5.0	0.0	3820.0	n/a	0.0	probeB	none
e639	DenmanLab_EphysRig2	37.0	0.0	3820.0	n/a	0.0	probeB	none
e640	DenmanLab_EphysRig2	21.0	0.0	3820.0	n/a	0.0	probeB	none
e641	DenmanLab_EphysRig2	53.0	0.0	3820.0	n/a	0.0	probeB	none
e642	DenmanLab_EphysRig2	5.0	0.0	3820.0	n/a	0.0	probeB	none
e643	DenmanLab_EphysRig2	37.0	0.0	3820.0	n/a	0.0	probeB	none
e644	DenmanLab_EphysRig2	21.0	0.0	3820.0	n/a	0.0	probeB	none
e645	DenmanLab_EphysRig2	53.0	0.0	3820.0	n/a	0.0	probeB	none
e646	DenmanLab_EphysRig2	5.0	0.0	3820.0	n/a	0.0	probeB	none
e647	DenmanLab_EphysRig2	37.0	0.0	3820.0	n/a	0.0	probeB	none
e648	DenmanLab_EphysRig2	21.0	0.0	3820.0	n/a	0.0	probeB	none
e649	DenmanLab_EphysRig2	53.0	0.0	3820.0	n/a	0.0	probeB	none
e650	DenmanLab_EphysRig2	5.0	0.0	3820.0	n/a	0.0	probeB	none
e651	DenmanLab_EphysRig2	37.0	0.0	3820.0	n/a	0.0	probeB	none
e652	DenmanLab_EphysRig2	21.0	0.0	3820.0	n/a	0.0	probeB	none
e653	DenmanLab_EphysRig2	53.0	0.0	3820.0	n/a	0.0	probeB	none
e654	DenmanLab_EphysRig2	5.0	0.0	3820.0	n/a	0.0	probeB	none
e655	DenmanLab_EphysRig2	37.0	0.0	3820.0	n/a	0.0	probeB	none
e656	DenmanLab_EphysRig2	21.0	0.0	3820.0	n/a	0.0	probeB	none
e657	DenmanLab_EphysRig2	53.0	0.0	3820.0	n/a	0.0	probeB	none
e658	DenmanLab_EphysRig2	5.0	0.0	3820.0	n/a	0.0	probeB	none
e659	DenmanLab_EphysRig2	37.0	0.0	3820.0	n/a	0.0	probeB	none
e660	DenmanLab_EphysRig2	21.0	0.0	3820.0	n/a	0.0	probeB	none
e661	DenmanLab_EphysRig2	53.0	0.0	3820.0	n/a	0.0	probeB	none
e662	DenmanLab_EphysRig2	5.0	0.0	3820.0	n/a	0.0	probeB	none
e663	DenmanLab_EphysRig2	37.0	0.0	3820.0	n/a	0.0	probeB	none
e664	DenmanLab_EphysRig2	21.0	0.0	3820.0	n/a	0.0	probeB	none
e665	DenmanLab_EphysRig2	53.0	0.0	3820.0	n/a	0.0	probeB	none
e666	DenmanLab_EphysRig2	5.0	0.0	3820.0	n/a	0.0	probeB	none
e667	DenmanLab_EphysRig2	37.0	0.0	3820.0	n/a	0.0	probeB	none
e668	DenmanLab_EphysRig2	21.0	0.0	3820.0	n/a	0.0	probeB	none
e669	DenmanLab_EphysRig2	53.0	0.0	3820.0	n/a	0.0	probeB	none
e670	DenmanLab_EphysRig2	5.0	0.0	3820.0	n/a	0.0	probeB	none
e671	DenmanLab_EphysRig2	37.0	0.0	3820.0	n/a	0.0	probeB	none
e672	DenmanLab_EphysRig2	21.0	0.0	3820.0	n/a	0.0	probeB	none
e673	DenmanLab_EphysRig2	53.0	0.0	3820.0	n/a	0.0	probeB	none
e674	DenmanLab_EphysRig2	5.0	0.0	3820.0	n/a	0.0	probeB	none
e675	DenmanLab_EphysRig2	37.0	0.0	3820.0	n/a	0.0	probeB	none
e676	DenmanLab_EphysRig2	21.0	0.0	3820.0	n/a	0.0	probeB	none
e677	DenmanLab_EphysRig2	53.0	0.0	3820.0	n/a	0.0	probeB	none
e678	DenmanLab_EphysRig2	5.0	0.0	3820.0	n/a	0.0	probeB	none
e679	DenmanLab_EphysRig2	37.0	0.0	3820.0	n/a	0.0	probeB	none
e680	DenmanLab_EphysRig2	21.0	0.0	3820.0	n/a	0.0	probeB	none
e681	DenmanLab_EphysRig2	53.0	0.0	3820.0	n/a	0.0	probeB	none
e682	DenmanLab_EphysRig2	5.0	0.0	3820.0	n/a	0.0	probeB	none
e683	DenmanLab_EphysRig2	37.0	0.0	3820.0	n/a	0.0	probeB	none
e684	DenmanLab_EphysRig2	21.0	0.0	3820.0	n/a	0.0	probeB	none
e685	DenmanLab_EphysRig2	53.0	0.0	3820.0	n/a	0.0	probeB	none
e686	DenmanLab_EphysRig2	5.0	0.0	3820.0	n/a	0.0	probeB	none
e687	DenmanLab_EphysRig2	37.0	0.0	3820.0	n/a	0.0	probeB	none
e688	DenmanLab_EphysRig2	21.0	0.0	3820.0	n/a	0.0	probeB	none
e689	DenmanLab_EphysRig2	53.0	0.0	3820.0	n/a	0.0	probeB	none
e690	DenmanLab_EphysRig2	5.0	0.0	3820.0	n/a	0.0	probeB	none
e691	DenmanLab_EphysRig2	37.0	0.0	3820.0	n/a	0.0	probeB	none
e692	DenmanLab_EphysRig2	21.0	0.0	3820.0	n/a	0.0	probeB	none
e693	DenmanLab_EphysRig2	53.0	0.0	3820.0	n/a	0.0	probeB	none
e694	DenmanLab_EphysRig2	5.0	0.0	3820.0	n/a	0.0	probeB	none
e695	DenmanLab_EphysRig2	37.0	0.0	3820.0	n/a	0.0	probeB	none
e696	DenmanLab_EphysRig2	21.0	0.0	3820.0	n/a	0.0	probeB	none
e697	DenmanLab_EphysRig2	53.0	0.0	3820.0	n/a	0.0	probeB	none
e698	DenmanLab_EphysRig2	5.0	0.0	3820.0	n/a	0.0	probeB	none
e699	DenmanLab_EphysRig2	37.0	0.0	3820.0	n/a	0.0	probeB	none
e700	DenmanLab_EphysRig2	21.0	0.0	3820.0	n/a	0.0	probeB	none
e701	DenmanLab_EphysRig2	53.0	0.0	3820.0	n/a	0.0	probeB	none
e702	DenmanLab_EphysRig2	5.0	0.0	3820.0	n/a	0.0	probeB	none
e703	DenmanLab_EphysRig2	37.0	0.0	3820.0	n/a	0.0	probeB	none
e704	DenmanLab_EphysRig2	21.0	0.0	3820.0	n/a	0.0	probeB	none
e705	DenmanLab_EphysRig2	53.0	0.0	3820.0	n/a	0.0	probeB	none
e706	DenmanLab_EphysRig2	5.0	0.0	3820.0	n/a	0.0	probeB	none
e707	DenmanLab_EphysRig2	37.0	0.0	3820.0	n/a	0.0	probeB	none
e708	DenmanLab_EphysRig2	21.0	0.0	3820.0	n/a	0.0	probeB	none
e709	DenmanLab_EphysRig2	53.0	0.0	3820.0	n/a	0.0	probeB	none
e710	DenmanLab_EphysRig2	5.0	0.0	3820.0	n/a	0.0	probeB	none
e711	DenmanLab_EphysRig2	37.0	0.0	3820.0	n/a	0.0	probeB	none
e712	DenmanLab_EphysRig2	21.0	0.0	3820.0	n/a	0.0	probeB	none
e713	DenmanLab_EphysRig2	53.0	0.0	3820.0	n/a	0.0	probeB	none
e714	DenmanLab_EphysRig2	5.0	0.0	3820.0	n/a	0.0	probeB	none
e715	DenmanLab_EphysRig2	37.0	0.0	3820.0	n/a	0.0	probeB	none
e716	DenmanLab_EphysRig2	21.0	0.0	3820.0	n/a	0.0	probeB	none
e717	DenmanLab_EphysRig2	53.0	0.0	3820.0	n/a	0.0	probeB	none
e718	DenmanLab_EphysRig2	5.0	0.0	3820.0	n/a	0.0	probeB	none
e719	DenmanLab_EphysRig2	37.0	0.0	3820.0	n/a	0.0	probeB	none
e720	DenmanLab_EphysRig2	21.0	0.0	3820.0	n/a	0.0	probeB	none
e721	DenmanLab_EphysRig2	53.0	0.0	3820.0	n/a	0.0	probeB	none
e722	DenmanLab_EphysRig2	5.0	0.0	3820.0	n/a	0.0	probeB	none
e723	DenmanLab_EphysRig2	37.0	0.0	3820.0	n/a	0.0	probeB	none
e724	DenmanLab_EphysRig2	21.0	0.0	3820.0	n/a	0.0	probeB	none
e725	DenmanLab_EphysRig2	53.0	0.0	3820.0	n/a	0.0	probeB	none
e726	DenmanLab_EphysRig2	5.0	0.0	3820.0	n/a	0.0	probeB	none
e727	DenmanLab_EphysRig2	37.0	0.0	3820.0	n/a	0.0	probeB	none
e728	DenmanLab_EphysRig2	21.0	0.0	3820.0	n/a	0.0	probeB	none
e729	DenmanLab_EphysRig2	53.0	0.0	3820.0	n/a	0.0	probeB	none
e730	DenmanLab_EphysRig2	5.0	0.0	3820.0	n/a	0.0	probeB	none
e731	DenmanLab_EphysRig2	37.0	0.0	3820.0	n/a	0.0	probeB	none
e732	DenmanLab_EphysRig2	21.0	0.0	3820.0	n/a	0.0	probeB	none
e733	DenmanLab_EphysRig2	53.0	0.0	3820.0	n/a	0.0	probeB	none
e734	DenmanLab_EphysRig2	5.0	0.0	3820.0	n/a	0.0	probeB	none
e735	DenmanLab_EphysRig2	37.0	0.0	3820.0	n/a	0.0	probeB	none
e736	DenmanLab_EphysRig2	21.0	0.0	3820.0	n/a	0.0	probeB	none
e737	DenmanLab_EphysRig2	53.0	0.0	3820.0	n/a	0.0	probeB	none
e738	DenmanLab_EphysRig2	5.0	0.0	3820.0	n/a	0.0	probeB	none
e739	DenmanLab_EphysRig2	37.0	0.0	3820.0	n/a	0.0	probeB	none
e740	DenmanLab_EphysRig2	21.0	0.0	3820.0	n/a	0.0	probeB	none
e741	DenmanLab_EphysRig2	53.0	0.0	3820.0	n/a	0.0	probeB	none
e742	DenmanLab_EphysRig2	5.0	0.0	3820.0	n/a	0.0	probeB	none
e743	DenmanLab_EphysRig2	37.0	0.0	3820.0	n/a	0.0	probeB	none
e744	DenmanLab_EphysRig2	21.0	0.0	3820.0	n/a	0.0	probeB	none
e745	DenmanLab_EphysRig2	53.0	0.0	3820.0	n/a	0.0	probeB	none
e746	DenmanLab_EphysRig2	5.0	0.0	3820.0	n/a	0.0	probeB	none
e747	DenmanLab_EphysRig2	37.0	0.0	3820.0	n/a	0.0	probeB	none
e748	DenmanLab_EphysRig2	21.0	0.0	3820.0	n/a	0.0	probeB	none
e749	DenmanLab_EphysRig2	53.0	0.0	3820.0	n/a	0.0	probeB	none
e750	DenmanLab_EphysRig2	5.0	0.0	3820.0	n/a	0.0	probeB	none
e751	DenmanLab_EphysRig2	37.0	0.0	3820.0	n/a	0.0	probeB	none
e752	DenmanLab_EphysRig2	21.0	0.0	3820.0	n/a	0.0	probeB	none
e753	DenmanLab_EphysRig2	53.0	0.0	3820.0	n/a	0.0	probeB	none
e754	DenmanLab_EphysRig2	5.0	0.0	3820.0	n/a	0.0	probeB	none
e755	DenmanLab_EphysRig2	37.0	0.0	3820.0	n/a	0.0	probeB	none
e756	DenmanLab_EphysRig2	21.0	0.0	3820.0	n/a	0.0	probeB	none
e757	DenmanLab_EphysRig2	53.0	0.0	3820.0	n/a	0.0	probeB	none
e758	DenmanLab_EphysRig2	5.0	0.0	3820.0	n/a	0.0	probeB	none
e759	DenmanLab_EphysRig2	37.0	0.0	3820.0	n/a	0.0	probeB	none
e760	DenmanLab_EphysRig2	21.0	0.0	3820.0	n/a	0.0	probeB	none
e761	DenmanLab_EphysRig2	53.0	0.0	3820.0	n/a	0.0	probeB	none
e762	DenmanLab_EphysRig2	5.0	0.0	3820.0	n/a	0.0	probeB	none
e763	DenmanLab_EphysRig2	37.0	0.0	3820.0	n/a	0.0	probeB	none
e764	DenmanLab_EphysRig2	21.0	0.0	3820.0	n/a	0.0	probeB	none
e765	DenmanLab_EphysRig2	53.0	0.0	3820.0	n/a	0.0	probeB	none
e766	DenmanLab_EphysRig2	5.0	0.0	3820.0	n/a	0.0	probeB	none
e767	DenmanLab_EphysRig2	37.0	0.0	3820.0	n/a	0.0	probeB	none
